,Iteration,Norm,Time,cache_policy,cache_size,data_type,is_zfp,matrix_name,zfp_rate
0,0,0.0,0.0,DEFAULT,0,double,False,A0,4
1,1,0.0,0.0,DEFAULT,0,double,False,A0,4
2,2,0.0,0.0,DEFAULT,0,double,False,A0,4
3,3,0.0,0.0,DEFAULT,0,double,False,A0,4
4,4,0.0,0.0,DEFAULT,0,double,False,A0,4
5,0,0.0,0.0,DEFAULT,0,double,True,A0,4
6,1,0.0,0.0,DEFAULT,0,double,True,A0,4
7,2,0.0,0.01,DEFAULT,0,double,True,A0,4
8,3,0.0,0.0,DEFAULT,0,double,True,A0,4
9,4,0.0,0.0,DEFAULT,0,double,True,A0,4
10,0,0.0,0.0,DEFAULT,1024,double,False,A0,4
11,1,0.0,0.0,DEFAULT,1024,double,False,A0,4
12,2,0.0,0.0,DEFAULT,1024,double,False,A0,4
13,3,0.0,0.0,DEFAULT,1024,double,False,A0,4
14,4,0.0,0.0,DEFAULT,1024,double,False,A0,4
15,0,0.0,0.0,DEFAULT,1024,double,True,A0,4
16,1,0.0,0.0,DEFAULT,1024,double,True,A0,4
17,2,0.0,0.01,DEFAULT,1024,double,True,A0,4
18,3,0.0,0.0,DEFAULT,1024,double,True,A0,4
19,4,0.0,0.0,DEFAULT,1024,double,True,A0,4
20,0,0.0,0.0,DEFAULT,32768,double,False,A0,4
21,1,0.0,0.0,DEFAULT,32768,double,False,A0,4
22,2,0.0,0.0,DEFAULT,32768,double,False,A0,4
23,3,0.0,0.0,DEFAULT,32768,double,False,A0,4
24,4,0.0,0.0,DEFAULT,32768,double,False,A0,4
25,0,0.0,0.01,DEFAULT,32768,double,True,A0,4
26,1,0.0,0.0,DEFAULT,32768,double,True,A0,4
27,2,0.0,0.0,DEFAULT,32768,double,True,A0,4
28,3,0.0,0.01,DEFAULT,32768,double,True,A0,4
29,4,0.0,0.0,DEFAULT,32768,double,True,A0,4
30,0,0.0,0.0,DEFAULT,1048576,double,False,A0,4
31,1,0.0,0.0,DEFAULT,1048576,double,False,A0,4
32,2,0.0,0.0,DEFAULT,1048576,double,False,A0,4
33,3,0.0,0.0,DEFAULT,1048576,double,False,A0,4
34,4,0.0,0.0,DEFAULT,1048576,double,False,A0,4
35,0,0.0,0.0,DEFAULT,1048576,double,True,A0,4
36,1,0.0,0.0,DEFAULT,1048576,double,True,A0,4
37,2,0.0,0.0,DEFAULT,1048576,double,True,A0,4
38,3,0.0,0.0,DEFAULT,1048576,double,True,A0,4
39,4,0.0,0.0,DEFAULT,1048576,double,True,A0,4
40,0,0.0,0.0,DEFAULT,0,double,False,A0,8
41,1,0.0,0.0,DEFAULT,0,double,False,A0,8
42,2,0.0,0.0,DEFAULT,0,double,False,A0,8
43,3,0.0,0.0,DEFAULT,0,double,False,A0,8
44,4,0.0,0.0,DEFAULT,0,double,False,A0,8
45,0,0.0,0.01,DEFAULT,0,double,True,A0,8
46,1,0.0,0.0,DEFAULT,0,double,True,A0,8
47,2,0.0,0.0,DEFAULT,0,double,True,A0,8
48,3,0.0,0.01,DEFAULT,0,double,True,A0,8
49,4,0.0,0.0,DEFAULT,0,double,True,A0,8
50,0,0.0,0.0,DEFAULT,1024,double,False,A0,8
51,1,0.0,0.0,DEFAULT,1024,double,False,A0,8
52,2,0.0,0.0,DEFAULT,1024,double,False,A0,8
53,3,0.0,0.0,DEFAULT,1024,double,False,A0,8
54,4,0.0,0.0,DEFAULT,1024,double,False,A0,8
55,0,0.0,0.0,DEFAULT,1024,double,True,A0,8
56,1,0.0,0.0,DEFAULT,1024,double,True,A0,8
57,2,0.0,0.01,DEFAULT,1024,double,True,A0,8
58,3,0.0,0.0,DEFAULT,1024,double,True,A0,8
59,4,0.0,0.0,DEFAULT,1024,double,True,A0,8
60,0,0.0,0.0,DEFAULT,32768,double,False,A0,8
61,1,0.0,0.0,DEFAULT,32768,double,False,A0,8
62,2,0.0,0.0,DEFAULT,32768,double,False,A0,8
63,3,0.0,0.0,DEFAULT,32768,double,False,A0,8
64,4,0.0,0.0,DEFAULT,32768,double,False,A0,8
65,0,0.0,0.01,DEFAULT,32768,double,True,A0,8
66,1,0.0,0.0,DEFAULT,32768,double,True,A0,8
67,2,0.0,0.0,DEFAULT,32768,double,True,A0,8
68,3,0.0,0.01,DEFAULT,32768,double,True,A0,8
69,4,0.0,0.0,DEFAULT,32768,double,True,A0,8
70,0,0.0,0.0,DEFAULT,1048576,double,False,A0,8
71,1,0.0,0.0,DEFAULT,1048576,double,False,A0,8
72,2,0.0,0.0,DEFAULT,1048576,double,False,A0,8
73,3,0.0,0.0,DEFAULT,1048576,double,False,A0,8
74,4,0.0,0.0,DEFAULT,1048576,double,False,A0,8
75,0,0.0,0.0,DEFAULT,1048576,double,True,A0,8
76,1,0.0,0.0,DEFAULT,1048576,double,True,A0,8
77,2,0.0,0.0,DEFAULT,1048576,double,True,A0,8
78,3,0.0,0.0,DEFAULT,1048576,double,True,A0,8
79,4,0.0,0.0,DEFAULT,1048576,double,True,A0,8
80,0,0.0,0.0,DEFAULT,0,double,False,A0,16
81,1,0.0,0.0,DEFAULT,0,double,False,A0,16
82,2,0.0,0.0,DEFAULT,0,double,False,A0,16
83,3,0.0,0.0,DEFAULT,0,double,False,A0,16
84,4,0.0,0.0,DEFAULT,0,double,False,A0,16
85,0,0.0,0.0,DEFAULT,0,double,True,A0,16
86,1,0.0,0.0,DEFAULT,0,double,True,A0,16
87,2,0.0,0.01,DEFAULT,0,double,True,A0,16
88,3,0.0,0.0,DEFAULT,0,double,True,A0,16
89,4,0.0,0.0,DEFAULT,0,double,True,A0,16
90,0,0.0,0.0,DEFAULT,1024,double,False,A0,16
91,1,0.0,0.0,DEFAULT,1024,double,False,A0,16
92,2,0.0,0.0,DEFAULT,1024,double,False,A0,16
93,3,0.0,0.0,DEFAULT,1024,double,False,A0,16
94,4,0.0,0.0,DEFAULT,1024,double,False,A0,16
95,0,0.0,0.01,DEFAULT,1024,double,True,A0,16
96,1,0.0,0.0,DEFAULT,1024,double,True,A0,16
97,2,0.0,0.0,DEFAULT,1024,double,True,A0,16
98,3,0.0,0.01,DEFAULT,1024,double,True,A0,16
99,4,0.0,0.0,DEFAULT,1024,double,True,A0,16
100,0,0.0,0.0,DEFAULT,32768,double,False,A0,16
101,1,0.0,0.0,DEFAULT,32768,double,False,A0,16
102,2,0.0,0.0,DEFAULT,32768,double,False,A0,16
103,3,0.0,0.0,DEFAULT,32768,double,False,A0,16
104,4,0.0,0.0,DEFAULT,32768,double,False,A0,16
105,0,0.0,0.0,DEFAULT,32768,double,True,A0,16
106,1,0.0,0.0,DEFAULT,32768,double,True,A0,16
107,2,0.0,0.01,DEFAULT,32768,double,True,A0,16
108,3,0.0,0.0,DEFAULT,32768,double,True,A0,16
109,4,0.0,0.0,DEFAULT,32768,double,True,A0,16
110,0,0.0,0.0,DEFAULT,1048576,double,False,A0,16
111,1,0.0,0.0,DEFAULT,1048576,double,False,A0,16
112,2,0.0,0.0,DEFAULT,1048576,double,False,A0,16
113,3,0.0,0.0,DEFAULT,1048576,double,False,A0,16
114,4,0.0,0.0,DEFAULT,1048576,double,False,A0,16
115,0,0.0,0.0,DEFAULT,1048576,double,True,A0,16
116,1,0.0,0.0,DEFAULT,1048576,double,True,A0,16
117,2,0.0,0.0,DEFAULT,1048576,double,True,A0,16
118,3,0.0,0.0,DEFAULT,1048576,double,True,A0,16
119,4,0.0,0.0,DEFAULT,1048576,double,True,A0,16
120,0,0.0,0.0,DEFAULT,0,double,False,A0,32
121,1,0.0,0.0,DEFAULT,0,double,False,A0,32
122,2,0.0,0.0,DEFAULT,0,double,False,A0,32
123,3,0.0,0.0,DEFAULT,0,double,False,A0,32
124,4,0.0,0.0,DEFAULT,0,double,False,A0,32
125,0,0.0,0.01,DEFAULT,0,double,True,A0,32
126,1,0.0,0.0,DEFAULT,0,double,True,A0,32
127,2,0.0,0.01,DEFAULT,0,double,True,A0,32
128,3,0.0,0.01,DEFAULT,0,double,True,A0,32
129,4,0.0,0.0,DEFAULT,0,double,True,A0,32
130,0,0.0,0.0,DEFAULT,1024,double,False,A0,32
131,1,0.0,0.0,DEFAULT,1024,double,False,A0,32
132,2,0.0,0.0,DEFAULT,1024,double,False,A0,32
133,3,0.0,0.0,DEFAULT,1024,double,False,A0,32
134,4,0.0,0.0,DEFAULT,1024,double,False,A0,32
135,0,0.0,0.01,DEFAULT,1024,double,True,A0,32
136,1,0.0,0.0,DEFAULT,1024,double,True,A0,32
137,2,0.0,0.01,DEFAULT,1024,double,True,A0,32
138,3,0.0,0.01,DEFAULT,1024,double,True,A0,32
139,4,0.0,0.0,DEFAULT,1024,double,True,A0,32
140,0,0.0,0.0,DEFAULT,32768,double,False,A0,32
141,1,0.0,0.0,DEFAULT,32768,double,False,A0,32
142,2,0.0,0.0,DEFAULT,32768,double,False,A0,32
143,3,0.0,0.0,DEFAULT,32768,double,False,A0,32
144,4,0.0,0.0,DEFAULT,32768,double,False,A0,32
145,0,0.0,0.01,DEFAULT,32768,double,True,A0,32
146,1,0.0,0.0,DEFAULT,32768,double,True,A0,32
147,2,0.0,0.01,DEFAULT,32768,double,True,A0,32
148,3,0.0,0.0,DEFAULT,32768,double,True,A0,32
149,4,0.0,0.01,DEFAULT,32768,double,True,A0,32
150,0,0.0,0.0,DEFAULT,1048576,double,False,A0,32
151,1,0.0,0.0,DEFAULT,1048576,double,False,A0,32
152,2,0.0,0.0,DEFAULT,1048576,double,False,A0,32
153,3,0.0,0.01,DEFAULT,1048576,double,False,A0,32
154,4,0.0,0.0,DEFAULT,1048576,double,False,A0,32
155,0,0.0,0.0,DEFAULT,1048576,double,True,A0,32
156,1,0.0,0.0,DEFAULT,1048576,double,True,A0,32
157,2,0.0,0.0,DEFAULT,1048576,double,True,A0,32
158,3,0.0,0.0,DEFAULT,1048576,double,True,A0,32
159,4,0.0,0.0,DEFAULT,1048576,double,True,A0,32
160,0,0.0,0.0,DEFAULT,0,double,False,A1,4
161,1,0.0,0.0,DEFAULT,0,double,False,A1,4
162,2,0.0,0.0,DEFAULT,0,double,False,A1,4
163,3,0.0,0.0,DEFAULT,0,double,False,A1,4
164,4,0.0,0.0,DEFAULT,0,double,False,A1,4
165,0,0.0,0.0,DEFAULT,0,double,True,A1,4
166,1,0.0,0.0,DEFAULT,0,double,True,A1,4
167,2,0.0,0.0,DEFAULT,0,double,True,A1,4
168,3,0.0,0.0,DEFAULT,0,double,True,A1,4
169,4,0.0,0.01,DEFAULT,0,double,True,A1,4
170,0,0.0,0.0,DEFAULT,1024,double,False,A1,4
171,1,0.0,0.0,DEFAULT,1024,double,False,A1,4
172,2,0.0,0.0,DEFAULT,1024,double,False,A1,4
173,3,0.0,0.0,DEFAULT,1024,double,False,A1,4
174,4,0.0,0.0,DEFAULT,1024,double,False,A1,4
175,0,0.0,0.0,DEFAULT,1024,double,True,A1,4
176,1,0.0,0.0,DEFAULT,1024,double,True,A1,4
177,2,0.0,0.0,DEFAULT,1024,double,True,A1,4
178,3,0.0,0.0,DEFAULT,1024,double,True,A1,4
179,4,0.0,0.01,DEFAULT,1024,double,True,A1,4
180,0,0.0,0.0,DEFAULT,32768,double,False,A1,4
181,1,0.0,0.0,DEFAULT,32768,double,False,A1,4
182,2,0.0,0.0,DEFAULT,32768,double,False,A1,4
183,3,0.0,0.0,DEFAULT,32768,double,False,A1,4
184,4,0.0,0.0,DEFAULT,32768,double,False,A1,4
185,0,0.0,0.0,DEFAULT,32768,double,True,A1,4
186,1,0.0,0.0,DEFAULT,32768,double,True,A1,4
187,2,0.0,0.0,DEFAULT,32768,double,True,A1,4
188,3,0.0,0.0,DEFAULT,32768,double,True,A1,4
189,4,0.0,0.01,DEFAULT,32768,double,True,A1,4
190,0,0.0,0.0,DEFAULT,1048576,double,False,A1,4
191,1,0.0,0.0,DEFAULT,1048576,double,False,A1,4
192,2,0.0,0.0,DEFAULT,1048576,double,False,A1,4
193,3,0.0,0.0,DEFAULT,1048576,double,False,A1,4
194,4,0.0,0.0,DEFAULT,1048576,double,False,A1,4
195,0,0.0,0.0,DEFAULT,1048576,double,True,A1,4
196,1,0.0,0.0,DEFAULT,1048576,double,True,A1,4
197,2,0.0,0.0,DEFAULT,1048576,double,True,A1,4
198,3,0.0,0.0,DEFAULT,1048576,double,True,A1,4
199,4,0.0,0.0,DEFAULT,1048576,double,True,A1,4
200,0,0.0,0.0,DEFAULT,0,double,False,A1,8
201,1,0.0,0.0,DEFAULT,0,double,False,A1,8
202,2,0.0,0.0,DEFAULT,0,double,False,A1,8
203,3,0.0,0.0,DEFAULT,0,double,False,A1,8
204,4,0.0,0.0,DEFAULT,0,double,False,A1,8
205,0,0.0,0.0,DEFAULT,0,double,True,A1,8
206,1,0.0,0.0,DEFAULT,0,double,True,A1,8
207,2,0.0,0.0,DEFAULT,0,double,True,A1,8
208,3,0.0,0.0,DEFAULT,0,double,True,A1,8
209,4,0.0,0.0,DEFAULT,0,double,True,A1,8
210,0,0.0,0.0,DEFAULT,1024,double,False,A1,8
211,1,0.0,0.0,DEFAULT,1024,double,False,A1,8
212,2,0.0,0.0,DEFAULT,1024,double,False,A1,8
213,3,0.0,0.0,DEFAULT,1024,double,False,A1,8
214,4,0.0,0.0,DEFAULT,1024,double,False,A1,8
215,0,0.0,0.0,DEFAULT,1024,double,True,A1,8
216,1,0.0,0.0,DEFAULT,1024,double,True,A1,8
217,2,0.0,0.0,DEFAULT,1024,double,True,A1,8
218,3,0.0,0.0,DEFAULT,1024,double,True,A1,8
219,4,0.0,0.01,DEFAULT,1024,double,True,A1,8
220,0,0.0,0.0,DEFAULT,32768,double,False,A1,8
221,1,0.0,0.0,DEFAULT,32768,double,False,A1,8
222,2,0.0,0.0,DEFAULT,32768,double,False,A1,8
223,3,0.0,0.0,DEFAULT,32768,double,False,A1,8
224,4,0.0,0.0,DEFAULT,32768,double,False,A1,8
225,0,0.0,0.0,DEFAULT,32768,double,True,A1,8
226,1,0.0,0.0,DEFAULT,32768,double,True,A1,8
227,2,0.0,0.0,DEFAULT,32768,double,True,A1,8
228,3,0.0,0.0,DEFAULT,32768,double,True,A1,8
229,4,0.0,0.0,DEFAULT,32768,double,True,A1,8
230,0,0.0,0.0,DEFAULT,1048576,double,False,A1,8
231,1,0.0,0.0,DEFAULT,1048576,double,False,A1,8
232,2,0.0,0.0,DEFAULT,1048576,double,False,A1,8
233,3,0.0,0.0,DEFAULT,1048576,double,False,A1,8
234,4,0.0,0.0,DEFAULT,1048576,double,False,A1,8
235,0,0.0,0.0,DEFAULT,1048576,double,True,A1,8
236,1,0.0,0.0,DEFAULT,1048576,double,True,A1,8
237,2,0.0,0.0,DEFAULT,1048576,double,True,A1,8
238,3,0.0,0.0,DEFAULT,1048576,double,True,A1,8
239,4,0.0,0.0,DEFAULT,1048576,double,True,A1,8
240,0,0.0,0.0,DEFAULT,0,double,False,A1,16
241,1,0.0,0.0,DEFAULT,0,double,False,A1,16
242,2,0.0,0.0,DEFAULT,0,double,False,A1,16
243,3,0.0,0.0,DEFAULT,0,double,False,A1,16
244,4,0.0,0.0,DEFAULT,0,double,False,A1,16
245,0,0.0,0.0,DEFAULT,0,double,True,A1,16
246,1,0.0,0.0,DEFAULT,0,double,True,A1,16
247,2,0.0,0.0,DEFAULT,0,double,True,A1,16
248,3,0.0,0.0,DEFAULT,0,double,True,A1,16
249,4,0.0,0.01,DEFAULT,0,double,True,A1,16
250,0,0.0,0.0,DEFAULT,1024,double,False,A1,16
251,1,0.0,0.0,DEFAULT,1024,double,False,A1,16
252,2,0.0,0.0,DEFAULT,1024,double,False,A1,16
253,3,0.0,0.0,DEFAULT,1024,double,False,A1,16
254,4,0.0,0.0,DEFAULT,1024,double,False,A1,16
255,0,0.0,0.0,DEFAULT,1024,double,True,A1,16
256,1,0.0,0.0,DEFAULT,1024,double,True,A1,16
257,2,0.0,0.0,DEFAULT,1024,double,True,A1,16
258,3,0.0,0.0,DEFAULT,1024,double,True,A1,16
259,4,0.0,0.0,DEFAULT,1024,double,True,A1,16
260,0,0.0,0.0,DEFAULT,32768,double,False,A1,16
261,1,0.0,0.0,DEFAULT,32768,double,False,A1,16
262,2,0.0,0.0,DEFAULT,32768,double,False,A1,16
263,3,0.0,0.0,DEFAULT,32768,double,False,A1,16
264,4,0.0,0.0,DEFAULT,32768,double,False,A1,16
265,0,0.0,0.0,DEFAULT,32768,double,True,A1,16
266,1,0.0,0.0,DEFAULT,32768,double,True,A1,16
267,2,0.0,0.0,DEFAULT,32768,double,True,A1,16
268,3,0.0,0.01,DEFAULT,32768,double,True,A1,16
269,4,0.0,0.0,DEFAULT,32768,double,True,A1,16
270,0,0.0,0.0,DEFAULT,1048576,double,False,A1,16
271,1,0.0,0.0,DEFAULT,1048576,double,False,A1,16
272,2,0.0,0.0,DEFAULT,1048576,double,False,A1,16
273,3,0.0,0.0,DEFAULT,1048576,double,False,A1,16
274,4,0.0,0.0,DEFAULT,1048576,double,False,A1,16
275,0,0.0,0.0,DEFAULT,1048576,double,True,A1,16
276,1,0.0,0.0,DEFAULT,1048576,double,True,A1,16
277,2,0.0,0.0,DEFAULT,1048576,double,True,A1,16
278,3,0.0,0.0,DEFAULT,1048576,double,True,A1,16
279,4,0.0,0.0,DEFAULT,1048576,double,True,A1,16
280,0,0.0,0.0,DEFAULT,0,double,False,A1,32
281,1,0.0,0.0,DEFAULT,0,double,False,A1,32
282,2,0.0,0.0,DEFAULT,0,double,False,A1,32
283,3,0.0,0.0,DEFAULT,0,double,False,A1,32
284,4,0.0,0.0,DEFAULT,0,double,False,A1,32
285,0,0.0,0.0,DEFAULT,0,double,True,A1,32
286,1,0.0,0.01,DEFAULT,0,double,True,A1,32
287,2,0.0,0.0,DEFAULT,0,double,True,A1,32
288,3,0.0,0.0,DEFAULT,0,double,True,A1,32
289,4,0.0,0.0,DEFAULT,0,double,True,A1,32
290,0,0.0,0.0,DEFAULT,1024,double,False,A1,32
291,1,0.0,0.0,DEFAULT,1024,double,False,A1,32
292,2,0.0,0.0,DEFAULT,1024,double,False,A1,32
293,3,0.0,0.0,DEFAULT,1024,double,False,A1,32
294,4,0.0,0.0,DEFAULT,1024,double,False,A1,32
295,0,0.0,0.0,DEFAULT,1024,double,True,A1,32
296,1,0.0,0.01,DEFAULT,1024,double,True,A1,32
297,2,0.0,0.0,DEFAULT,1024,double,True,A1,32
298,3,0.0,0.0,DEFAULT,1024,double,True,A1,32
299,4,0.0,0.0,DEFAULT,1024,double,True,A1,32
300,0,0.0,0.0,DEFAULT,32768,double,False,A1,32
301,1,0.0,0.0,DEFAULT,32768,double,False,A1,32
302,2,0.0,0.0,DEFAULT,32768,double,False,A1,32
303,3,0.0,0.0,DEFAULT,32768,double,False,A1,32
304,4,0.0,0.0,DEFAULT,32768,double,False,A1,32
305,0,0.0,0.0,DEFAULT,32768,double,True,A1,32
306,1,0.0,0.01,DEFAULT,32768,double,True,A1,32
307,2,0.0,0.0,DEFAULT,32768,double,True,A1,32
308,3,0.0,0.0,DEFAULT,32768,double,True,A1,32
309,4,0.0,0.0,DEFAULT,32768,double,True,A1,32
310,0,0.0,0.0,DEFAULT,1048576,double,False,A1,32
311,1,0.0,0.0,DEFAULT,1048576,double,False,A1,32
312,2,0.0,0.0,DEFAULT,1048576,double,False,A1,32
313,3,0.0,0.0,DEFAULT,1048576,double,False,A1,32
314,4,0.0,0.0,DEFAULT,1048576,double,False,A1,32
315,0,0.0,0.0,DEFAULT,1048576,double,True,A1,32
316,1,0.0,0.0,DEFAULT,1048576,double,True,A1,32
317,2,0.0,0.0,DEFAULT,1048576,double,True,A1,32
318,3,0.0,0.0,DEFAULT,1048576,double,True,A1,32
319,4,0.0,0.0,DEFAULT,1048576,double,True,A1,32
320,0,0.0,0.0,DEFAULT,0,double,False,A2,4
321,1,0.0,0.0,DEFAULT,0,double,False,A2,4
322,2,0.0,0.0,DEFAULT,0,double,False,A2,4
323,3,0.0,0.0,DEFAULT,0,double,False,A2,4
324,4,0.0,0.0,DEFAULT,0,double,False,A2,4
325,0,0.0,0.0,DEFAULT,0,double,True,A2,4
326,1,0.0,0.0,DEFAULT,0,double,True,A2,4
327,2,0.0,0.0,DEFAULT,0,double,True,A2,4
328,3,0.0,0.0,DEFAULT,0,double,True,A2,4
329,4,0.0,0.0,DEFAULT,0,double,True,A2,4
330,0,0.0,0.0,DEFAULT,1024,double,False,A2,4
331,1,0.0,0.0,DEFAULT,1024,double,False,A2,4
332,2,0.0,0.0,DEFAULT,1024,double,False,A2,4
333,3,0.0,0.0,DEFAULT,1024,double,False,A2,4
334,4,0.0,0.0,DEFAULT,1024,double,False,A2,4
335,0,0.0,0.0,DEFAULT,1024,double,True,A2,4
336,1,0.0,0.0,DEFAULT,1024,double,True,A2,4
337,2,0.0,0.0,DEFAULT,1024,double,True,A2,4
338,3,0.0,0.0,DEFAULT,1024,double,True,A2,4
339,4,0.0,0.0,DEFAULT,1024,double,True,A2,4
340,0,0.0,0.0,DEFAULT,32768,double,False,A2,4
341,1,0.0,0.0,DEFAULT,32768,double,False,A2,4
342,2,0.0,0.0,DEFAULT,32768,double,False,A2,4
343,3,0.0,0.0,DEFAULT,32768,double,False,A2,4
344,4,0.0,0.0,DEFAULT,32768,double,False,A2,4
345,0,0.0,0.0,DEFAULT,32768,double,True,A2,4
346,1,0.0,0.0,DEFAULT,32768,double,True,A2,4
347,2,0.0,0.0,DEFAULT,32768,double,True,A2,4
348,3,0.0,0.0,DEFAULT,32768,double,True,A2,4
349,4,0.0,0.0,DEFAULT,32768,double,True,A2,4
350,0,0.0,0.0,DEFAULT,1048576,double,False,A2,4
351,1,0.0,0.0,DEFAULT,1048576,double,False,A2,4
352,2,0.0,0.0,DEFAULT,1048576,double,False,A2,4
353,3,0.0,0.0,DEFAULT,1048576,double,False,A2,4
354,4,0.0,0.0,DEFAULT,1048576,double,False,A2,4
355,0,0.0,0.0,DEFAULT,1048576,double,True,A2,4
356,1,0.0,0.0,DEFAULT,1048576,double,True,A2,4
357,2,0.0,0.0,DEFAULT,1048576,double,True,A2,4
358,3,0.0,0.0,DEFAULT,1048576,double,True,A2,4
359,4,0.0,0.0,DEFAULT,1048576,double,True,A2,4
360,0,0.0,0.0,DEFAULT,0,double,False,A2,8
361,1,0.0,0.0,DEFAULT,0,double,False,A2,8
362,2,0.0,0.0,DEFAULT,0,double,False,A2,8
363,3,0.0,0.0,DEFAULT,0,double,False,A2,8
364,4,0.0,0.0,DEFAULT,0,double,False,A2,8
365,0,0.0,0.0,DEFAULT,0,double,True,A2,8
366,1,0.0,0.0,DEFAULT,0,double,True,A2,8
367,2,0.0,0.0,DEFAULT,0,double,True,A2,8
368,3,0.0,0.0,DEFAULT,0,double,True,A2,8
369,4,0.0,0.0,DEFAULT,0,double,True,A2,8
370,0,0.0,0.0,DEFAULT,1024,double,False,A2,8
371,1,0.0,0.0,DEFAULT,1024,double,False,A2,8
372,2,0.0,0.0,DEFAULT,1024,double,False,A2,8
373,3,0.0,0.0,DEFAULT,1024,double,False,A2,8
374,4,0.0,0.0,DEFAULT,1024,double,False,A2,8
375,0,0.0,0.0,DEFAULT,1024,double,True,A2,8
376,1,0.0,0.0,DEFAULT,1024,double,True,A2,8
377,2,0.0,0.0,DEFAULT,1024,double,True,A2,8
378,3,0.0,0.0,DEFAULT,1024,double,True,A2,8
379,4,0.0,0.0,DEFAULT,1024,double,True,A2,8
380,0,0.0,0.0,DEFAULT,32768,double,False,A2,8
381,1,0.0,0.0,DEFAULT,32768,double,False,A2,8
382,2,0.0,0.0,DEFAULT,32768,double,False,A2,8
383,3,0.0,0.0,DEFAULT,32768,double,False,A2,8
384,4,0.0,0.0,DEFAULT,32768,double,False,A2,8
385,0,0.0,0.0,DEFAULT,32768,double,True,A2,8
386,1,0.0,0.0,DEFAULT,32768,double,True,A2,8
387,2,0.0,0.0,DEFAULT,32768,double,True,A2,8
388,3,0.0,0.0,DEFAULT,32768,double,True,A2,8
389,4,0.0,0.0,DEFAULT,32768,double,True,A2,8
390,0,0.0,0.0,DEFAULT,1048576,double,False,A2,8
391,1,0.0,0.0,DEFAULT,1048576,double,False,A2,8
392,2,0.0,0.0,DEFAULT,1048576,double,False,A2,8
393,3,0.0,0.0,DEFAULT,1048576,double,False,A2,8
394,4,0.0,0.0,DEFAULT,1048576,double,False,A2,8
395,0,0.0,0.0,DEFAULT,1048576,double,True,A2,8
396,1,0.0,0.0,DEFAULT,1048576,double,True,A2,8
397,2,0.0,0.0,DEFAULT,1048576,double,True,A2,8
398,3,0.0,0.0,DEFAULT,1048576,double,True,A2,8
399,4,0.0,0.0,DEFAULT,1048576,double,True,A2,8
400,0,0.0,0.0,DEFAULT,0,double,False,A2,16
401,1,0.0,0.0,DEFAULT,0,double,False,A2,16
402,2,0.0,0.0,DEFAULT,0,double,False,A2,16
403,3,0.0,0.0,DEFAULT,0,double,False,A2,16
404,4,0.0,0.0,DEFAULT,0,double,False,A2,16
405,0,0.0,0.0,DEFAULT,0,double,True,A2,16
406,1,0.0,0.0,DEFAULT,0,double,True,A2,16
407,2,0.0,0.0,DEFAULT,0,double,True,A2,16
408,3,0.0,0.0,DEFAULT,0,double,True,A2,16
409,4,0.0,0.0,DEFAULT,0,double,True,A2,16
410,0,0.0,0.0,DEFAULT,1024,double,False,A2,16
411,1,0.0,0.0,DEFAULT,1024,double,False,A2,16
412,2,0.0,0.0,DEFAULT,1024,double,False,A2,16
413,3,0.0,0.0,DEFAULT,1024,double,False,A2,16
414,4,0.0,0.0,DEFAULT,1024,double,False,A2,16
415,0,0.0,0.0,DEFAULT,1024,double,True,A2,16
416,1,0.0,0.0,DEFAULT,1024,double,True,A2,16
417,2,0.0,0.0,DEFAULT,1024,double,True,A2,16
418,3,0.0,0.0,DEFAULT,1024,double,True,A2,16
419,4,0.0,0.0,DEFAULT,1024,double,True,A2,16
420,0,0.0,0.0,DEFAULT,32768,double,False,A2,16
421,1,0.0,0.0,DEFAULT,32768,double,False,A2,16
422,2,0.0,0.0,DEFAULT,32768,double,False,A2,16
423,3,0.0,0.0,DEFAULT,32768,double,False,A2,16
424,4,0.0,0.0,DEFAULT,32768,double,False,A2,16
425,0,0.0,0.0,DEFAULT,32768,double,True,A2,16
426,1,0.0,0.0,DEFAULT,32768,double,True,A2,16
427,2,0.0,0.0,DEFAULT,32768,double,True,A2,16
428,3,0.0,0.0,DEFAULT,32768,double,True,A2,16
429,4,0.0,0.0,DEFAULT,32768,double,True,A2,16
430,0,0.0,0.0,DEFAULT,1048576,double,False,A2,16
431,1,0.0,0.0,DEFAULT,1048576,double,False,A2,16
432,2,0.0,0.0,DEFAULT,1048576,double,False,A2,16
433,3,0.0,0.0,DEFAULT,1048576,double,False,A2,16
434,4,0.0,0.0,DEFAULT,1048576,double,False,A2,16
435,0,0.0,0.0,DEFAULT,1048576,double,True,A2,16
436,1,0.0,0.0,DEFAULT,1048576,double,True,A2,16
437,2,0.0,0.0,DEFAULT,1048576,double,True,A2,16
438,3,0.0,0.0,DEFAULT,1048576,double,True,A2,16
439,4,0.0,0.0,DEFAULT,1048576,double,True,A2,16
440,0,0.0,0.0,DEFAULT,0,double,False,A2,32
441,1,0.0,0.0,DEFAULT,0,double,False,A2,32
442,2,0.0,0.0,DEFAULT,0,double,False,A2,32
443,3,0.0,0.0,DEFAULT,0,double,False,A2,32
444,4,0.0,0.0,DEFAULT,0,double,False,A2,32
445,0,0.0,0.0,DEFAULT,0,double,True,A2,32
446,1,0.0,0.0,DEFAULT,0,double,True,A2,32
447,2,0.0,0.0,DEFAULT,0,double,True,A2,32
448,3,0.0,0.0,DEFAULT,0,double,True,A2,32
449,4,0.0,0.0,DEFAULT,0,double,True,A2,32
450,0,0.0,0.0,DEFAULT,1024,double,False,A2,32
451,1,0.0,0.0,DEFAULT,1024,double,False,A2,32
452,2,0.0,0.0,DEFAULT,1024,double,False,A2,32
453,3,0.0,0.0,DEFAULT,1024,double,False,A2,32
454,4,0.0,0.0,DEFAULT,1024,double,False,A2,32
455,0,0.0,0.0,DEFAULT,1024,double,True,A2,32
456,1,0.0,0.0,DEFAULT,1024,double,True,A2,32
457,2,0.0,0.0,DEFAULT,1024,double,True,A2,32
458,3,0.0,0.0,DEFAULT,1024,double,True,A2,32
459,4,0.0,0.0,DEFAULT,1024,double,True,A2,32
460,0,0.0,0.0,DEFAULT,32768,double,False,A2,32
461,1,0.0,0.0,DEFAULT,32768,double,False,A2,32
462,2,0.0,0.0,DEFAULT,32768,double,False,A2,32
463,3,0.0,0.0,DEFAULT,32768,double,False,A2,32
464,4,0.0,0.0,DEFAULT,32768,double,False,A2,32
465,0,0.0,0.0,DEFAULT,32768,double,True,A2,32
466,1,0.0,0.0,DEFAULT,32768,double,True,A2,32
467,2,0.0,0.0,DEFAULT,32768,double,True,A2,32
468,3,0.0,0.0,DEFAULT,32768,double,True,A2,32
469,4,0.0,0.0,DEFAULT,32768,double,True,A2,32
470,0,0.0,0.0,DEFAULT,1048576,double,False,A2,32
471,1,0.0,0.0,DEFAULT,1048576,double,False,A2,32
472,2,0.0,0.0,DEFAULT,1048576,double,False,A2,32
473,3,0.0,0.0,DEFAULT,1048576,double,False,A2,32
474,4,0.0,0.0,DEFAULT,1048576,double,False,A2,32
475,0,0.0,0.0,DEFAULT,1048576,double,True,A2,32
476,1,0.0,0.0,DEFAULT,1048576,double,True,A2,32
477,2,0.0,0.0,DEFAULT,1048576,double,True,A2,32
478,3,0.0,0.0,DEFAULT,1048576,double,True,A2,32
479,4,0.0,0.0,DEFAULT,1048576,double,True,A2,32
480,0,0.0,0.0,DEFAULT,0,double,False,A3,4
481,1,0.0,0.0,DEFAULT,0,double,False,A3,4
482,2,0.0,0.0,DEFAULT,0,double,False,A3,4
483,3,0.0,0.0,DEFAULT,0,double,False,A3,4
484,4,0.0,0.0,DEFAULT,0,double,False,A3,4
485,0,0.0,0.0,DEFAULT,0,double,True,A3,4
486,1,0.0,0.0,DEFAULT,0,double,True,A3,4
487,2,0.0,0.0,DEFAULT,0,double,True,A3,4
488,3,0.0,0.0,DEFAULT,0,double,True,A3,4
489,4,0.0,0.0,DEFAULT,0,double,True,A3,4
490,0,0.0,0.0,DEFAULT,1024,double,False,A3,4
491,1,0.0,0.0,DEFAULT,1024,double,False,A3,4
492,2,0.0,0.0,DEFAULT,1024,double,False,A3,4
493,3,0.0,0.0,DEFAULT,1024,double,False,A3,4
494,4,0.0,0.0,DEFAULT,1024,double,False,A3,4
495,0,0.0,0.0,DEFAULT,1024,double,True,A3,4
496,1,0.0,0.0,DEFAULT,1024,double,True,A3,4
497,2,0.0,0.0,DEFAULT,1024,double,True,A3,4
498,3,0.0,0.0,DEFAULT,1024,double,True,A3,4
499,4,0.0,0.0,DEFAULT,1024,double,True,A3,4
500,0,0.0,0.0,DEFAULT,32768,double,False,A3,4
501,1,0.0,0.0,DEFAULT,32768,double,False,A3,4
502,2,0.0,0.0,DEFAULT,32768,double,False,A3,4
503,3,0.0,0.0,DEFAULT,32768,double,False,A3,4
504,4,0.0,0.0,DEFAULT,32768,double,False,A3,4
505,0,0.0,0.0,DEFAULT,32768,double,True,A3,4
506,1,0.0,0.0,DEFAULT,32768,double,True,A3,4
507,2,0.0,0.0,DEFAULT,32768,double,True,A3,4
508,3,0.0,0.0,DEFAULT,32768,double,True,A3,4
509,4,0.0,0.0,DEFAULT,32768,double,True,A3,4
510,0,0.0,0.0,DEFAULT,1048576,double,False,A3,4
511,1,0.0,0.0,DEFAULT,1048576,double,False,A3,4
512,2,0.0,0.0,DEFAULT,1048576,double,False,A3,4
513,3,0.0,0.0,DEFAULT,1048576,double,False,A3,4
514,4,0.0,0.0,DEFAULT,1048576,double,False,A3,4
515,0,0.0,0.0,DEFAULT,1048576,double,True,A3,4
516,1,0.0,0.0,DEFAULT,1048576,double,True,A3,4
517,2,0.0,0.0,DEFAULT,1048576,double,True,A3,4
518,3,0.0,0.0,DEFAULT,1048576,double,True,A3,4
519,4,0.0,0.0,DEFAULT,1048576,double,True,A3,4
520,0,0.0,0.0,DEFAULT,0,double,False,A3,8
521,1,0.0,0.0,DEFAULT,0,double,False,A3,8
522,2,0.0,0.0,DEFAULT,0,double,False,A3,8
523,3,0.0,0.0,DEFAULT,0,double,False,A3,8
524,4,0.0,0.0,DEFAULT,0,double,False,A3,8
525,0,0.0,0.0,DEFAULT,0,double,True,A3,8
526,1,0.0,0.0,DEFAULT,0,double,True,A3,8
527,2,0.0,0.0,DEFAULT,0,double,True,A3,8
528,3,0.0,0.0,DEFAULT,0,double,True,A3,8
529,4,0.0,0.0,DEFAULT,0,double,True,A3,8
530,0,0.0,0.0,DEFAULT,1024,double,False,A3,8
531,1,0.0,0.0,DEFAULT,1024,double,False,A3,8
532,2,0.0,0.0,DEFAULT,1024,double,False,A3,8
533,3,0.0,0.0,DEFAULT,1024,double,False,A3,8
534,4,0.0,0.0,DEFAULT,1024,double,False,A3,8
535,0,0.0,0.0,DEFAULT,1024,double,True,A3,8
536,1,0.0,0.0,DEFAULT,1024,double,True,A3,8
537,2,0.0,0.0,DEFAULT,1024,double,True,A3,8
538,3,0.0,0.0,DEFAULT,1024,double,True,A3,8
539,4,0.0,0.0,DEFAULT,1024,double,True,A3,8
540,0,0.0,0.0,DEFAULT,32768,double,False,A3,8
541,1,0.0,0.0,DEFAULT,32768,double,False,A3,8
542,2,0.0,0.0,DEFAULT,32768,double,False,A3,8
543,3,0.0,0.0,DEFAULT,32768,double,False,A3,8
544,4,0.0,0.0,DEFAULT,32768,double,False,A3,8
545,0,0.0,0.0,DEFAULT,32768,double,True,A3,8
546,1,0.0,0.0,DEFAULT,32768,double,True,A3,8
547,2,0.0,0.0,DEFAULT,32768,double,True,A3,8
548,3,0.0,0.0,DEFAULT,32768,double,True,A3,8
549,4,0.0,0.0,DEFAULT,32768,double,True,A3,8
550,0,0.0,0.0,DEFAULT,1048576,double,False,A3,8
551,1,0.0,0.0,DEFAULT,1048576,double,False,A3,8
552,2,0.0,0.0,DEFAULT,1048576,double,False,A3,8
553,3,0.0,0.0,DEFAULT,1048576,double,False,A3,8
554,4,0.0,0.0,DEFAULT,1048576,double,False,A3,8
555,0,0.0,0.0,DEFAULT,1048576,double,True,A3,8
556,1,0.0,0.0,DEFAULT,1048576,double,True,A3,8
557,2,0.0,0.0,DEFAULT,1048576,double,True,A3,8
558,3,0.0,0.0,DEFAULT,1048576,double,True,A3,8
559,4,0.0,0.0,DEFAULT,1048576,double,True,A3,8
560,0,0.0,0.0,DEFAULT,0,double,False,A3,16
561,1,0.0,0.0,DEFAULT,0,double,False,A3,16
562,2,0.0,0.0,DEFAULT,0,double,False,A3,16
563,3,0.0,0.0,DEFAULT,0,double,False,A3,16
564,4,0.0,0.0,DEFAULT,0,double,False,A3,16
565,0,0.0,0.0,DEFAULT,0,double,True,A3,16
566,1,0.0,0.0,DEFAULT,0,double,True,A3,16
567,2,0.0,0.0,DEFAULT,0,double,True,A3,16
568,3,0.0,0.0,DEFAULT,0,double,True,A3,16
569,4,0.0,0.0,DEFAULT,0,double,True,A3,16
570,0,0.0,0.0,DEFAULT,1024,double,False,A3,16
571,1,0.0,0.0,DEFAULT,1024,double,False,A3,16
572,2,0.0,0.0,DEFAULT,1024,double,False,A3,16
573,3,0.0,0.0,DEFAULT,1024,double,False,A3,16
574,4,0.0,0.0,DEFAULT,1024,double,False,A3,16
575,0,0.0,0.0,DEFAULT,1024,double,True,A3,16
576,1,0.0,0.0,DEFAULT,1024,double,True,A3,16
577,2,0.0,0.0,DEFAULT,1024,double,True,A3,16
578,3,0.0,0.0,DEFAULT,1024,double,True,A3,16
579,4,0.0,0.0,DEFAULT,1024,double,True,A3,16
580,0,0.0,0.0,DEFAULT,32768,double,False,A3,16
581,1,0.0,0.0,DEFAULT,32768,double,False,A3,16
582,2,0.0,0.0,DEFAULT,32768,double,False,A3,16
583,3,0.0,0.0,DEFAULT,32768,double,False,A3,16
584,4,0.0,0.0,DEFAULT,32768,double,False,A3,16
585,0,0.0,0.0,DEFAULT,32768,double,True,A3,16
586,1,0.0,0.0,DEFAULT,32768,double,True,A3,16
587,2,0.0,0.0,DEFAULT,32768,double,True,A3,16
588,3,0.0,0.0,DEFAULT,32768,double,True,A3,16
589,4,0.0,0.0,DEFAULT,32768,double,True,A3,16
590,0,0.0,0.0,DEFAULT,1048576,double,False,A3,16
591,1,0.0,0.0,DEFAULT,1048576,double,False,A3,16
592,2,0.0,0.0,DEFAULT,1048576,double,False,A3,16
593,3,0.0,0.0,DEFAULT,1048576,double,False,A3,16
594,4,0.0,0.0,DEFAULT,1048576,double,False,A3,16
595,0,0.0,0.0,DEFAULT,1048576,double,True,A3,16
596,1,0.0,0.0,DEFAULT,1048576,double,True,A3,16
597,2,0.0,0.0,DEFAULT,1048576,double,True,A3,16
598,3,0.0,0.0,DEFAULT,1048576,double,True,A3,16
599,4,0.0,0.0,DEFAULT,1048576,double,True,A3,16
600,0,0.0,0.0,DEFAULT,0,double,False,A3,32
601,1,0.0,0.0,DEFAULT,0,double,False,A3,32
602,2,0.0,0.0,DEFAULT,0,double,False,A3,32
603,3,0.0,0.0,DEFAULT,0,double,False,A3,32
604,4,0.0,0.0,DEFAULT,0,double,False,A3,32
605,0,0.0,0.0,DEFAULT,0,double,True,A3,32
606,1,0.0,0.0,DEFAULT,0,double,True,A3,32
607,2,0.0,0.0,DEFAULT,0,double,True,A3,32
608,3,0.0,0.0,DEFAULT,0,double,True,A3,32
609,4,0.0,0.0,DEFAULT,0,double,True,A3,32
610,0,0.0,0.0,DEFAULT,1024,double,False,A3,32
611,1,0.0,0.0,DEFAULT,1024,double,False,A3,32
612,2,0.0,0.0,DEFAULT,1024,double,False,A3,32
613,3,0.0,0.0,DEFAULT,1024,double,False,A3,32
614,4,0.0,0.0,DEFAULT,1024,double,False,A3,32
615,0,0.0,0.0,DEFAULT,1024,double,True,A3,32
616,1,0.0,0.0,DEFAULT,1024,double,True,A3,32
617,2,0.0,0.0,DEFAULT,1024,double,True,A3,32
618,3,0.0,0.0,DEFAULT,1024,double,True,A3,32
619,4,0.0,0.0,DEFAULT,1024,double,True,A3,32
620,0,0.0,0.0,DEFAULT,32768,double,False,A3,32
621,1,0.0,0.0,DEFAULT,32768,double,False,A3,32
622,2,0.0,0.0,DEFAULT,32768,double,False,A3,32
623,3,0.0,0.0,DEFAULT,32768,double,False,A3,32
624,4,0.0,0.0,DEFAULT,32768,double,False,A3,32
625,0,0.0,0.0,DEFAULT,32768,double,True,A3,32
626,1,0.0,0.0,DEFAULT,32768,double,True,A3,32
627,2,0.0,0.0,DEFAULT,32768,double,True,A3,32
628,3,0.0,0.0,DEFAULT,32768,double,True,A3,32
629,4,0.0,0.0,DEFAULT,32768,double,True,A3,32
630,0,0.0,0.0,DEFAULT,1048576,double,False,A3,32
631,1,0.0,0.0,DEFAULT,1048576,double,False,A3,32
632,2,0.0,0.0,DEFAULT,1048576,double,False,A3,32
633,3,0.0,0.0,DEFAULT,1048576,double,False,A3,32
634,4,0.0,0.0,DEFAULT,1048576,double,False,A3,32
635,0,0.0,0.0,DEFAULT,1048576,double,True,A3,32
636,1,0.0,0.0,DEFAULT,1048576,double,True,A3,32
637,2,0.0,0.0,DEFAULT,1048576,double,True,A3,32
638,3,0.0,0.0,DEFAULT,1048576,double,True,A3,32
639,4,0.0,0.0,DEFAULT,1048576,double,True,A3,32
640,0,0.0,0.0,DEFAULT,0,double,False,ASIC_680k,4
641,1,0.0,0.01,DEFAULT,0,double,False,ASIC_680k,4
642,2,0.0,0.01,DEFAULT,0,double,False,ASIC_680k,4
643,3,0.0,0.0,DEFAULT,0,double,False,ASIC_680k,4
644,4,0.0,0.01,DEFAULT,0,double,False,ASIC_680k,4
645,0,0.0,0.2,DEFAULT,0,double,True,ASIC_680k,4
646,1,0.0,0.21,DEFAULT,0,double,True,ASIC_680k,4
647,2,0.0,0.21,DEFAULT,0,double,True,ASIC_680k,4
648,3,0.0,0.21,DEFAULT,0,double,True,ASIC_680k,4
649,4,0.0,0.22,DEFAULT,0,double,True,ASIC_680k,4
650,0,0.0,0.01,DEFAULT,1024,double,False,ASIC_680k,4
651,1,0.0,0.0,DEFAULT,1024,double,False,ASIC_680k,4
652,2,0.0,0.01,DEFAULT,1024,double,False,ASIC_680k,4
653,3,0.0,0.0,DEFAULT,1024,double,False,ASIC_680k,4
654,4,0.0,0.01,DEFAULT,1024,double,False,ASIC_680k,4
655,0,0.0,0.23,DEFAULT,1024,double,True,ASIC_680k,4
656,1,0.0,0.24,DEFAULT,1024,double,True,ASIC_680k,4
657,2,0.0,0.24,DEFAULT,1024,double,True,ASIC_680k,4
658,3,0.0,0.24,DEFAULT,1024,double,True,ASIC_680k,4
659,4,0.0,0.25,DEFAULT,1024,double,True,ASIC_680k,4
660,0,0.0,0.01,DEFAULT,32768,double,False,ASIC_680k,4
661,1,0.0,0.0,DEFAULT,32768,double,False,ASIC_680k,4
662,2,0.0,0.01,DEFAULT,32768,double,False,ASIC_680k,4
663,3,0.0,0.0,DEFAULT,32768,double,False,ASIC_680k,4
664,4,0.0,0.01,DEFAULT,32768,double,False,ASIC_680k,4
665,0,0.0,0.21,DEFAULT,32768,double,True,ASIC_680k,4
666,1,0.0,0.21,DEFAULT,32768,double,True,ASIC_680k,4
667,2,0.0,0.21,DEFAULT,32768,double,True,ASIC_680k,4
668,3,0.0,0.21,DEFAULT,32768,double,True,ASIC_680k,4
669,4,0.0,0.21,DEFAULT,32768,double,True,ASIC_680k,4
670,0,0.0,0.0,DEFAULT,1048576,double,False,ASIC_680k,4
671,1,0.0,0.01,DEFAULT,1048576,double,False,ASIC_680k,4
672,2,0.0,0.0,DEFAULT,1048576,double,False,ASIC_680k,4
673,3,0.0,0.01,DEFAULT,1048576,double,False,ASIC_680k,4
674,4,0.0,0.0,DEFAULT,1048576,double,False,ASIC_680k,4
675,0,0.0,0.18,DEFAULT,1048576,double,True,ASIC_680k,4
676,1,0.0,0.19,DEFAULT,1048576,double,True,ASIC_680k,4
677,2,0.0,0.19,DEFAULT,1048576,double,True,ASIC_680k,4
678,3,0.0,0.18,DEFAULT,1048576,double,True,ASIC_680k,4
679,4,0.0,0.19,DEFAULT,1048576,double,True,ASIC_680k,4
680,0,0.0,0.01,DEFAULT,0,double,False,ASIC_680k,8
681,1,0.0,0.0,DEFAULT,0,double,False,ASIC_680k,8
682,2,0.0,0.01,DEFAULT,0,double,False,ASIC_680k,8
683,3,0.0,0.0,DEFAULT,0,double,False,ASIC_680k,8
684,4,0.0,0.01,DEFAULT,0,double,False,ASIC_680k,8
685,0,0.0,0.2,DEFAULT,0,double,True,ASIC_680k,8
686,1,0.0,0.21,DEFAULT,0,double,True,ASIC_680k,8
687,2,0.0,0.22,DEFAULT,0,double,True,ASIC_680k,8
688,3,0.0,0.22,DEFAULT,0,double,True,ASIC_680k,8
689,4,0.0,0.21,DEFAULT,0,double,True,ASIC_680k,8
690,0,0.0,0.0,DEFAULT,1024,double,False,ASIC_680k,8
691,1,0.0,0.01,DEFAULT,1024,double,False,ASIC_680k,8
692,2,0.0,0.01,DEFAULT,1024,double,False,ASIC_680k,8
693,3,0.0,0.0,DEFAULT,1024,double,False,ASIC_680k,8
694,4,0.0,0.01,DEFAULT,1024,double,False,ASIC_680k,8
695,0,0.0,0.23,DEFAULT,1024,double,True,ASIC_680k,8
696,1,0.0,0.24,DEFAULT,1024,double,True,ASIC_680k,8
697,2,0.0,0.24,DEFAULT,1024,double,True,ASIC_680k,8
698,3,0.0,0.24,DEFAULT,1024,double,True,ASIC_680k,8
699,4,0.0,0.24,DEFAULT,1024,double,True,ASIC_680k,8
700,0,0.0,0.0,DEFAULT,32768,double,False,ASIC_680k,8
701,1,0.0,0.01,DEFAULT,32768,double,False,ASIC_680k,8
702,2,0.0,0.01,DEFAULT,32768,double,False,ASIC_680k,8
703,3,0.0,0.0,DEFAULT,32768,double,False,ASIC_680k,8
704,4,0.0,0.01,DEFAULT,32768,double,False,ASIC_680k,8
705,0,0.0,0.2,DEFAULT,32768,double,True,ASIC_680k,8
706,1,0.0,0.21,DEFAULT,32768,double,True,ASIC_680k,8
707,2,0.0,0.2,DEFAULT,32768,double,True,ASIC_680k,8
708,3,0.0,0.21,DEFAULT,32768,double,True,ASIC_680k,8
709,4,0.0,0.21,DEFAULT,32768,double,True,ASIC_680k,8
710,0,0.0,0.0,DEFAULT,1048576,double,False,ASIC_680k,8
711,1,0.0,0.01,DEFAULT,1048576,double,False,ASIC_680k,8
712,2,0.0,0.0,DEFAULT,1048576,double,False,ASIC_680k,8
713,3,0.0,0.01,DEFAULT,1048576,double,False,ASIC_680k,8
714,4,0.0,0.01,DEFAULT,1048576,double,False,ASIC_680k,8
715,0,0.0,0.18,DEFAULT,1048576,double,True,ASIC_680k,8
716,1,0.0,0.19,DEFAULT,1048576,double,True,ASIC_680k,8
717,2,0.0,0.19,DEFAULT,1048576,double,True,ASIC_680k,8
718,3,0.0,0.18,DEFAULT,1048576,double,True,ASIC_680k,8
719,4,0.0,0.19,DEFAULT,1048576,double,True,ASIC_680k,8
720,0,0.0,0.01,DEFAULT,0,double,False,ASIC_680k,16
721,1,0.0,0.0,DEFAULT,0,double,False,ASIC_680k,16
722,2,0.0,0.01,DEFAULT,0,double,False,ASIC_680k,16
723,3,0.0,0.0,DEFAULT,0,double,False,ASIC_680k,16
724,4,0.0,0.01,DEFAULT,0,double,False,ASIC_680k,16
725,0,0.0,0.2,DEFAULT,0,double,True,ASIC_680k,16
726,1,0.0,0.21,DEFAULT,0,double,True,ASIC_680k,16
727,2,0.0,0.22,DEFAULT,0,double,True,ASIC_680k,16
728,3,0.0,0.21,DEFAULT,0,double,True,ASIC_680k,16
729,4,0.0,0.21,DEFAULT,0,double,True,ASIC_680k,16
730,0,0.0,0.0,DEFAULT,1024,double,False,ASIC_680k,16
731,1,0.0,0.01,DEFAULT,1024,double,False,ASIC_680k,16
732,2,0.0,0.0,DEFAULT,1024,double,False,ASIC_680k,16
733,3,0.0,0.01,DEFAULT,1024,double,False,ASIC_680k,16
734,4,0.0,0.01,DEFAULT,1024,double,False,ASIC_680k,16
735,0,0.0,0.23,DEFAULT,1024,double,True,ASIC_680k,16
736,1,0.0,0.24,DEFAULT,1024,double,True,ASIC_680k,16
737,2,0.0,0.25,DEFAULT,1024,double,True,ASIC_680k,16
738,3,0.0,0.24,DEFAULT,1024,double,True,ASIC_680k,16
739,4,0.0,0.24,DEFAULT,1024,double,True,ASIC_680k,16
740,0,0.0,0.0,DEFAULT,32768,double,False,ASIC_680k,16
741,1,0.0,0.01,DEFAULT,32768,double,False,ASIC_680k,16
742,2,0.0,0.01,DEFAULT,32768,double,False,ASIC_680k,16
743,3,0.0,0.0,DEFAULT,32768,double,False,ASIC_680k,16
744,4,0.0,0.01,DEFAULT,32768,double,False,ASIC_680k,16
745,0,0.0,0.2,DEFAULT,32768,double,True,ASIC_680k,16
746,1,0.0,0.21,DEFAULT,32768,double,True,ASIC_680k,16
747,2,0.0,0.21,DEFAULT,32768,double,True,ASIC_680k,16
748,3,0.0,0.2,DEFAULT,32768,double,True,ASIC_680k,16
749,4,0.0,0.21,DEFAULT,32768,double,True,ASIC_680k,16
750,0,0.0,0.0,DEFAULT,1048576,double,False,ASIC_680k,16
751,1,0.0,0.01,DEFAULT,1048576,double,False,ASIC_680k,16
752,2,0.0,0.01,DEFAULT,1048576,double,False,ASIC_680k,16
753,3,0.0,0.0,DEFAULT,1048576,double,False,ASIC_680k,16
754,4,0.0,0.01,DEFAULT,1048576,double,False,ASIC_680k,16
755,0,0.0,0.17,DEFAULT,1048576,double,True,ASIC_680k,16
756,1,0.0,0.19,DEFAULT,1048576,double,True,ASIC_680k,16
757,2,0.0,0.2,DEFAULT,1048576,double,True,ASIC_680k,16
758,3,0.0,0.18,DEFAULT,1048576,double,True,ASIC_680k,16
759,4,0.0,0.19,DEFAULT,1048576,double,True,ASIC_680k,16
760,0,0.0,0.0,DEFAULT,0,double,False,ASIC_680k,32
761,1,0.0,0.01,DEFAULT,0,double,False,ASIC_680k,32
762,2,0.0,0.0,DEFAULT,0,double,False,ASIC_680k,32
763,3,0.0,0.01,DEFAULT,0,double,False,ASIC_680k,32
764,4,0.0,0.01,DEFAULT,0,double,False,ASIC_680k,32
765,0,0.0,0.35,DEFAULT,0,double,True,ASIC_680k,32
766,1,0.0,0.37,DEFAULT,0,double,True,ASIC_680k,32
767,2,0.0,0.38,DEFAULT,0,double,True,ASIC_680k,32
768,3,0.0,0.37,DEFAULT,0,double,True,ASIC_680k,32
769,4,0.0,0.37,DEFAULT,0,double,True,ASIC_680k,32
770,0,0.0,0.01,DEFAULT,1024,double,False,ASIC_680k,32
771,1,0.0,0.0,DEFAULT,1024,double,False,ASIC_680k,32
772,2,0.0,0.01,DEFAULT,1024,double,False,ASIC_680k,32
773,3,0.0,0.01,DEFAULT,1024,double,False,ASIC_680k,32
774,4,0.0,0.0,DEFAULT,1024,double,False,ASIC_680k,32
775,0,0.0,0.4,DEFAULT,1024,double,True,ASIC_680k,32
776,1,0.0,0.43,DEFAULT,1024,double,True,ASIC_680k,32
777,2,0.0,0.43,DEFAULT,1024,double,True,ASIC_680k,32
778,3,0.0,0.43,DEFAULT,1024,double,True,ASIC_680k,32
779,4,0.0,0.44,DEFAULT,1024,double,True,ASIC_680k,32
780,0,0.0,0.0,DEFAULT,32768,double,False,ASIC_680k,32
781,1,0.0,0.01,DEFAULT,32768,double,False,ASIC_680k,32
782,2,0.0,0.0,DEFAULT,32768,double,False,ASIC_680k,32
783,3,0.0,0.01,DEFAULT,32768,double,False,ASIC_680k,32
784,4,0.0,0.0,DEFAULT,32768,double,False,ASIC_680k,32
785,0,0.0,0.35,DEFAULT,32768,double,True,ASIC_680k,32
786,1,0.0,0.38,DEFAULT,32768,double,True,ASIC_680k,32
787,2,0.0,0.37,DEFAULT,32768,double,True,ASIC_680k,32
788,3,0.0,0.39,DEFAULT,32768,double,True,ASIC_680k,32
789,4,0.0,0.38,DEFAULT,32768,double,True,ASIC_680k,32
790,0,0.0,0.0,DEFAULT,1048576,double,False,ASIC_680k,32
791,1,0.0,0.01,DEFAULT,1048576,double,False,ASIC_680k,32
792,2,0.0,0.01,DEFAULT,1048576,double,False,ASIC_680k,32
793,3,0.0,0.0,DEFAULT,1048576,double,False,ASIC_680k,32
794,4,0.0,0.01,DEFAULT,1048576,double,False,ASIC_680k,32
795,0,0.0,0.3,DEFAULT,1048576,double,True,ASIC_680k,32
796,1,0.0,0.33,DEFAULT,1048576,double,True,ASIC_680k,32
797,2,0.0,0.32,DEFAULT,1048576,double,True,ASIC_680k,32
798,3,0.0,0.33,DEFAULT,1048576,double,True,ASIC_680k,32
799,4,0.0,0.33,DEFAULT,1048576,double,True,ASIC_680k,32
800,0,0.0,0.55,DEFAULT,0,double,False,mycielskian19,4
801,1,0.0,0.53,DEFAULT,0,double,False,mycielskian19,4
802,2,0.0,0.54,DEFAULT,0,double,False,mycielskian19,4
803,3,0.0,0.54,DEFAULT,0,double,False,mycielskian19,4
804,4,0.0,0.54,DEFAULT,0,double,False,mycielskian19,4
805,0,0.0,0.5,DEFAULT,1024,double,False,mycielskian19,4
806,1,0.0,0.49,DEFAULT,1024,double,False,mycielskian19,4
807,2,0.0,0.49,DEFAULT,1024,double,False,mycielskian19,4
808,3,0.0,0.49,DEFAULT,1024,double,False,mycielskian19,4
809,4,0.0,0.49,DEFAULT,1024,double,False,mycielskian19,4
810,0,0.0,0.56,DEFAULT,32768,double,False,mycielskian19,4
811,1,0.0,0.55,DEFAULT,32768,double,False,mycielskian19,4
812,2,0.0,0.55,DEFAULT,32768,double,False,mycielskian19,4
813,3,0.0,0.56,DEFAULT,32768,double,False,mycielskian19,4
814,4,0.0,0.55,DEFAULT,32768,double,False,mycielskian19,4
815,0,0.0,0.49,DEFAULT,1048576,double,False,mycielskian19,4
816,1,0.0,0.49,DEFAULT,1048576,double,False,mycielskian19,4
817,2,0.0,0.48,DEFAULT,1048576,double,False,mycielskian19,4
818,3,0.0,0.49,DEFAULT,1048576,double,False,mycielskian19,4
819,4,0.0,0.49,DEFAULT,1048576,double,False,mycielskian19,4
820,0,0.0,0.5,DEFAULT,0,double,False,mycielskian19,8
821,1,0.0,0.49,DEFAULT,0,double,False,mycielskian19,8
822,2,0.0,0.5,DEFAULT,0,double,False,mycielskian19,8
823,3,0.0,0.5,DEFAULT,0,double,False,mycielskian19,8
824,4,0.0,0.49,DEFAULT,0,double,False,mycielskian19,8
825,0,0.0,0.5,DEFAULT,1024,double,False,mycielskian19,8
826,1,0.0,0.5,DEFAULT,1024,double,False,mycielskian19,8
827,2,0.0,0.5,DEFAULT,1024,double,False,mycielskian19,8
828,3,0.0,0.49,DEFAULT,1024,double,False,mycielskian19,8
829,4,0.0,0.49,DEFAULT,1024,double,False,mycielskian19,8
830,0,0.0,0.55,DEFAULT,32768,double,False,mycielskian19,8
831,1,0.0,0.55,DEFAULT,32768,double,False,mycielskian19,8
832,2,0.0,0.55,DEFAULT,32768,double,False,mycielskian19,8
833,3,0.0,0.55,DEFAULT,32768,double,False,mycielskian19,8
834,4,0.0,0.55,DEFAULT,32768,double,False,mycielskian19,8
835,0,0.0,0.49,DEFAULT,1048576,double,False,mycielskian19,8
836,1,0.0,0.5,DEFAULT,1048576,double,False,mycielskian19,8
837,2,0.0,0.49,DEFAULT,1048576,double,False,mycielskian19,8
838,3,0.0,0.49,DEFAULT,1048576,double,False,mycielskian19,8
839,4,0.0,0.5,DEFAULT,1048576,double,False,mycielskian19,8
840,0,0.0,0.51,DEFAULT,0,double,False,mycielskian19,16
841,1,0.0,0.5,DEFAULT,0,double,False,mycielskian19,16
842,2,0.0,0.49,DEFAULT,0,double,False,mycielskian19,16
843,3,0.0,0.5,DEFAULT,0,double,False,mycielskian19,16
844,4,0.0,0.5,DEFAULT,0,double,False,mycielskian19,16
845,0,0.0,0.52,DEFAULT,1024,double,False,mycielskian19,16
846,1,0.0,0.51,DEFAULT,1024,double,False,mycielskian19,16
847,2,0.0,0.52,DEFAULT,1024,double,False,mycielskian19,16
848,3,0.0,0.52,DEFAULT,1024,double,False,mycielskian19,16
849,4,0.0,0.52,DEFAULT,1024,double,False,mycielskian19,16
850,0,0.0,0.52,DEFAULT,32768,double,False,mycielskian19,16
851,1,0.0,0.5,DEFAULT,32768,double,False,mycielskian19,16
852,2,0.0,0.51,DEFAULT,32768,double,False,mycielskian19,16
853,3,0.0,0.51,DEFAULT,32768,double,False,mycielskian19,16
854,4,0.0,0.5,DEFAULT,32768,double,False,mycielskian19,16
855,0,0.0,0.53,DEFAULT,1048576,double,False,mycielskian19,16
856,1,0.0,0.53,DEFAULT,1048576,double,False,mycielskian19,16
857,2,0.0,0.52,DEFAULT,1048576,double,False,mycielskian19,16
858,3,0.0,0.53,DEFAULT,1048576,double,False,mycielskian19,16
859,4,0.0,0.53,DEFAULT,1048576,double,False,mycielskian19,16
860,0,0.0,0.54,DEFAULT,0,double,False,mycielskian19,32
861,1,0.0,0.54,DEFAULT,0,double,False,mycielskian19,32
862,2,0.0,0.55,DEFAULT,0,double,False,mycielskian19,32
863,3,0.0,0.54,DEFAULT,0,double,False,mycielskian19,32
864,4,0.0,0.54,DEFAULT,0,double,False,mycielskian19,32
865,0,0.0,0.55,DEFAULT,1024,double,False,mycielskian19,32
866,1,0.0,0.54,DEFAULT,1024,double,False,mycielskian19,32
867,2,0.0,0.54,DEFAULT,1024,double,False,mycielskian19,32
868,3,0.0,0.54,DEFAULT,1024,double,False,mycielskian19,32
869,4,0.0,0.54,DEFAULT,1024,double,False,mycielskian19,32
870,0,0.0,0.52,DEFAULT,32768,double,False,mycielskian19,32
871,1,0.0,0.52,DEFAULT,32768,double,False,mycielskian19,32
872,2,0.0,0.52,DEFAULT,32768,double,False,mycielskian19,32
873,3,0.0,0.52,DEFAULT,32768,double,False,mycielskian19,32
874,4,0.0,0.52,DEFAULT,32768,double,False,mycielskian19,32
875,0,0.0,0.54,DEFAULT,1048576,double,False,mycielskian19,32
876,1,0.0,0.53,DEFAULT,1048576,double,False,mycielskian19,32
877,2,0.0,0.54,DEFAULT,1048576,double,False,mycielskian19,32
878,3,0.0,0.53,DEFAULT,1048576,double,False,mycielskian19,32
879,4,0.0,0.54,DEFAULT,1048576,double,False,mycielskian19,32
880,0,0.0,6.15,DEFAULT,0,double,False,twitter7,4
881,1,0.0,6.09,DEFAULT,0,double,False,twitter7,4
882,2,0.0,6.09,DEFAULT,0,double,False,twitter7,4
883,3,0.0,6.09,DEFAULT,0,double,False,twitter7,4
884,4,0.0,6.09,DEFAULT,0,double,False,twitter7,4
885,0,0.0,6.22,DEFAULT,1024,double,False,twitter7,4
886,1,0.0,6.14,DEFAULT,1024,double,False,twitter7,4
887,2,0.0,6.14,DEFAULT,1024,double,False,twitter7,4
888,3,0.0,6.14,DEFAULT,1024,double,False,twitter7,4
889,4,0.0,6.14,DEFAULT,1024,double,False,twitter7,4
890,0,0.0,6.18,DEFAULT,32768,double,False,twitter7,4
891,1,0.0,6.09,DEFAULT,32768,double,False,twitter7,4
892,2,0.0,6.1,DEFAULT,32768,double,False,twitter7,4
893,3,0.0,6.1,DEFAULT,32768,double,False,twitter7,4
894,4,0.0,6.12,DEFAULT,32768,double,False,twitter7,4
895,0,0.0,6.18,DEFAULT,1048576,double,False,twitter7,4
896,1,0.0,6.11,DEFAULT,1048576,double,False,twitter7,4
897,2,0.0,6.11,DEFAULT,1048576,double,False,twitter7,4
898,3,0.0,6.1,DEFAULT,1048576,double,False,twitter7,4
899,4,0.0,6.11,DEFAULT,1048576,double,False,twitter7,4
900,0,0.0,6.23,DEFAULT,0,double,False,twitter7,8
901,1,0.0,6.16,DEFAULT,0,double,False,twitter7,8
902,2,0.0,6.15,DEFAULT,0,double,False,twitter7,8
903,3,0.0,6.16,DEFAULT,0,double,False,twitter7,8
904,4,0.0,6.15,DEFAULT,0,double,False,twitter7,8
905,0,0.0,6.22,DEFAULT,1024,double,False,twitter7,8
906,1,0.0,6.13,DEFAULT,1024,double,False,twitter7,8
907,2,0.0,6.15,DEFAULT,1024,double,False,twitter7,8
908,3,0.0,6.14,DEFAULT,1024,double,False,twitter7,8
909,4,0.0,6.15,DEFAULT,1024,double,False,twitter7,8
910,0,0.0,6.12,DEFAULT,32768,double,False,twitter7,8
911,1,0.0,6.05,DEFAULT,32768,double,False,twitter7,8
912,2,0.0,6.04,DEFAULT,32768,double,False,twitter7,8
913,3,0.0,6.05,DEFAULT,32768,double,False,twitter7,8
914,4,0.0,6.05,DEFAULT,32768,double,False,twitter7,8
915,0,0.0,6.23,DEFAULT,1048576,double,False,twitter7,8
916,1,0.0,6.15,DEFAULT,1048576,double,False,twitter7,8
917,2,0.0,6.16,DEFAULT,1048576,double,False,twitter7,8
918,3,0.0,6.16,DEFAULT,1048576,double,False,twitter7,8
919,4,0.0,6.15,DEFAULT,1048576,double,False,twitter7,8
920,0,0.0,6.11,DEFAULT,0,double,False,twitter7,16
921,1,0.0,6.05,DEFAULT,0,double,False,twitter7,16
922,2,0.0,6.06,DEFAULT,0,double,False,twitter7,16
923,3,0.0,6.04,DEFAULT,0,double,False,twitter7,16
924,4,0.0,6.05,DEFAULT,0,double,False,twitter7,16
925,0,0.0,6.25,DEFAULT,1024,double,False,twitter7,16
926,1,0.0,6.18,DEFAULT,1024,double,False,twitter7,16
927,2,0.0,6.18,DEFAULT,1024,double,False,twitter7,16
928,3,0.0,6.18,DEFAULT,1024,double,False,twitter7,16
929,4,0.0,6.16,DEFAULT,1024,double,False,twitter7,16
930,0,0.0,6.16,DEFAULT,32768,double,False,twitter7,16
931,1,0.0,6.09,DEFAULT,32768,double,False,twitter7,16
932,2,0.0,6.1,DEFAULT,32768,double,False,twitter7,16
933,3,0.0,6.09,DEFAULT,32768,double,False,twitter7,16
934,4,0.0,6.1,DEFAULT,32768,double,False,twitter7,16
935,0,0.0,6.21,DEFAULT,1048576,double,False,twitter7,16
936,1,0.0,6.14,DEFAULT,1048576,double,False,twitter7,16
937,2,0.0,6.15,DEFAULT,1048576,double,False,twitter7,16
938,3,0.0,6.18,DEFAULT,1048576,double,False,twitter7,16
939,4,0.0,6.14,DEFAULT,1048576,double,False,twitter7,16
940,0,0.0,6.24,DEFAULT,0,double,False,twitter7,32
941,1,0.0,6.19,DEFAULT,0,double,False,twitter7,32
942,2,0.0,6.17,DEFAULT,0,double,False,twitter7,32
943,3,0.0,6.18,DEFAULT,0,double,False,twitter7,32
944,4,0.0,6.16,DEFAULT,0,double,False,twitter7,32
945,0,0.0,6.23,DEFAULT,1024,double,False,twitter7,32
946,1,0.0,6.16,DEFAULT,1024,double,False,twitter7,32
947,2,0.0,6.15,DEFAULT,1024,double,False,twitter7,32
948,3,0.0,6.15,DEFAULT,1024,double,False,twitter7,32
949,4,0.0,6.16,DEFAULT,1024,double,False,twitter7,32
950,0,0.0,6.25,DEFAULT,32768,double,False,twitter7,32
951,1,0.0,6.18,DEFAULT,32768,double,False,twitter7,32
952,2,0.0,6.18,DEFAULT,32768,double,False,twitter7,32
953,3,0.0,6.18,DEFAULT,32768,double,False,twitter7,32
954,4,0.0,6.18,DEFAULT,32768,double,False,twitter7,32
955,0,0.0,6.2,DEFAULT,1048576,double,False,twitter7,32
956,1,0.0,6.13,DEFAULT,1048576,double,False,twitter7,32
957,2,0.0,6.13,DEFAULT,1048576,double,False,twitter7,32
958,3,0.0,6.14,DEFAULT,1048576,double,False,twitter7,32
959,4,0.0,6.13,DEFAULT,1048576,double,False,twitter7,32
960,0,0.0,0.0,DEFAULT,0,double,False,FEM_3D_thermal2,4
961,1,0.0,0.01,DEFAULT,0,double,False,FEM_3D_thermal2,4
962,2,0.0,0.0,DEFAULT,0,double,False,FEM_3D_thermal2,4
963,3,0.0,0.0,DEFAULT,0,double,False,FEM_3D_thermal2,4
964,4,0.0,0.01,DEFAULT,0,double,False,FEM_3D_thermal2,4
965,0,0.0,0.16,DEFAULT,0,double,True,FEM_3D_thermal2,4
966,1,0.0,0.17,DEFAULT,0,double,True,FEM_3D_thermal2,4
967,2,0.0,0.16,DEFAULT,0,double,True,FEM_3D_thermal2,4
968,3,0.0,0.17,DEFAULT,0,double,True,FEM_3D_thermal2,4
969,4,0.0,0.16,DEFAULT,0,double,True,FEM_3D_thermal2,4
970,0,0.0,0.0,DEFAULT,1024,double,False,FEM_3D_thermal2,4
971,1,0.0,0.0,DEFAULT,1024,double,False,FEM_3D_thermal2,4
972,2,0.0,0.01,DEFAULT,1024,double,False,FEM_3D_thermal2,4
973,3,0.0,0.0,DEFAULT,1024,double,False,FEM_3D_thermal2,4
974,4,0.0,0.01,DEFAULT,1024,double,False,FEM_3D_thermal2,4
975,0,0.0,0.16,DEFAULT,1024,double,True,FEM_3D_thermal2,4
976,1,0.0,0.17,DEFAULT,1024,double,True,FEM_3D_thermal2,4
977,2,0.0,0.17,DEFAULT,1024,double,True,FEM_3D_thermal2,4
978,3,0.0,0.17,DEFAULT,1024,double,True,FEM_3D_thermal2,4
979,4,0.0,0.17,DEFAULT,1024,double,True,FEM_3D_thermal2,4
980,0,0.0,0.0,DEFAULT,32768,double,False,FEM_3D_thermal2,4
981,1,0.0,0.01,DEFAULT,32768,double,False,FEM_3D_thermal2,4
982,2,0.0,0.0,DEFAULT,32768,double,False,FEM_3D_thermal2,4
983,3,0.0,0.01,DEFAULT,32768,double,False,FEM_3D_thermal2,4
984,4,0.0,0.0,DEFAULT,32768,double,False,FEM_3D_thermal2,4
985,0,0.0,0.16,DEFAULT,32768,double,True,FEM_3D_thermal2,4
986,1,0.0,0.16,DEFAULT,32768,double,True,FEM_3D_thermal2,4
987,2,0.0,0.16,DEFAULT,32768,double,True,FEM_3D_thermal2,4
988,3,0.0,0.16,DEFAULT,32768,double,True,FEM_3D_thermal2,4
989,4,0.0,0.16,DEFAULT,32768,double,True,FEM_3D_thermal2,4
990,0,0.0,0.0,DEFAULT,1048576,double,False,FEM_3D_thermal2,4
991,1,0.0,0.0,DEFAULT,1048576,double,False,FEM_3D_thermal2,4
992,2,0.0,0.01,DEFAULT,1048576,double,False,FEM_3D_thermal2,4
993,3,0.0,0.0,DEFAULT,1048576,double,False,FEM_3D_thermal2,4
994,4,0.0,0.0,DEFAULT,1048576,double,False,FEM_3D_thermal2,4
995,0,0.0,0.15,DEFAULT,1048576,double,True,FEM_3D_thermal2,4
996,1,0.0,0.14,DEFAULT,1048576,double,True,FEM_3D_thermal2,4
997,2,0.0,0.15,DEFAULT,1048576,double,True,FEM_3D_thermal2,4
998,3,0.0,0.14,DEFAULT,1048576,double,True,FEM_3D_thermal2,4
999,4,0.0,0.15,DEFAULT,1048576,double,True,FEM_3D_thermal2,4
1000,0,0.0,0.01,DEFAULT,0,double,False,FEM_3D_thermal2,8
1001,1,0.0,0.0,DEFAULT,0,double,False,FEM_3D_thermal2,8
1002,2,0.0,0.01,DEFAULT,0,double,False,FEM_3D_thermal2,8
1003,3,0.0,0.0,DEFAULT,0,double,False,FEM_3D_thermal2,8
1004,4,0.0,0.0,DEFAULT,0,double,False,FEM_3D_thermal2,8
1005,0,0.0,0.16,DEFAULT,0,double,True,FEM_3D_thermal2,8
1006,1,0.0,0.16,DEFAULT,0,double,True,FEM_3D_thermal2,8
1007,2,0.0,0.16,DEFAULT,0,double,True,FEM_3D_thermal2,8
1008,3,0.0,0.16,DEFAULT,0,double,True,FEM_3D_thermal2,8
1009,4,0.0,0.17,DEFAULT,0,double,True,FEM_3D_thermal2,8
1010,0,0.0,0.0,DEFAULT,1024,double,False,FEM_3D_thermal2,8
1011,1,0.0,0.0,DEFAULT,1024,double,False,FEM_3D_thermal2,8
1012,2,0.0,0.01,DEFAULT,1024,double,False,FEM_3D_thermal2,8
1013,3,0.0,0.0,DEFAULT,1024,double,False,FEM_3D_thermal2,8
1014,4,0.0,0.01,DEFAULT,1024,double,False,FEM_3D_thermal2,8
1015,0,0.0,0.16,DEFAULT,1024,double,True,FEM_3D_thermal2,8
1016,1,0.0,0.17,DEFAULT,1024,double,True,FEM_3D_thermal2,8
1017,2,0.0,0.17,DEFAULT,1024,double,True,FEM_3D_thermal2,8
1018,3,0.0,0.17,DEFAULT,1024,double,True,FEM_3D_thermal2,8
1019,4,0.0,0.17,DEFAULT,1024,double,True,FEM_3D_thermal2,8
1020,0,0.0,0.01,DEFAULT,32768,double,False,FEM_3D_thermal2,8
1021,1,0.0,0.0,DEFAULT,32768,double,False,FEM_3D_thermal2,8
1022,2,0.0,0.01,DEFAULT,32768,double,False,FEM_3D_thermal2,8
1023,3,0.0,0.0,DEFAULT,32768,double,False,FEM_3D_thermal2,8
1024,4,0.0,0.0,DEFAULT,32768,double,False,FEM_3D_thermal2,8
1025,0,0.0,0.16,DEFAULT,32768,double,True,FEM_3D_thermal2,8
1026,1,0.0,0.16,DEFAULT,32768,double,True,FEM_3D_thermal2,8
1027,2,0.0,0.16,DEFAULT,32768,double,True,FEM_3D_thermal2,8
1028,3,0.0,0.16,DEFAULT,32768,double,True,FEM_3D_thermal2,8
1029,4,0.0,0.17,DEFAULT,32768,double,True,FEM_3D_thermal2,8
1030,0,0.0,0.0,DEFAULT,1048576,double,False,FEM_3D_thermal2,8
1031,1,0.0,0.01,DEFAULT,1048576,double,False,FEM_3D_thermal2,8
1032,2,0.0,0.0,DEFAULT,1048576,double,False,FEM_3D_thermal2,8
1033,3,0.0,0.0,DEFAULT,1048576,double,False,FEM_3D_thermal2,8
1034,4,0.0,0.01,DEFAULT,1048576,double,False,FEM_3D_thermal2,8
1035,0,0.0,0.15,DEFAULT,1048576,double,True,FEM_3D_thermal2,8
1036,1,0.0,0.15,DEFAULT,1048576,double,True,FEM_3D_thermal2,8
1037,2,0.0,0.15,DEFAULT,1048576,double,True,FEM_3D_thermal2,8
1038,3,0.0,0.14,DEFAULT,1048576,double,True,FEM_3D_thermal2,8
1039,4,0.0,0.16,DEFAULT,1048576,double,True,FEM_3D_thermal2,8
1040,0,0.0,0.01,DEFAULT,0,double,False,FEM_3D_thermal2,16
1041,1,0.0,0.0,DEFAULT,0,double,False,FEM_3D_thermal2,16
1042,2,0.0,0.01,DEFAULT,0,double,False,FEM_3D_thermal2,16
1043,3,0.0,0.0,DEFAULT,0,double,False,FEM_3D_thermal2,16
1044,4,0.0,0.01,DEFAULT,0,double,False,FEM_3D_thermal2,16
1045,0,0.0,0.16,DEFAULT,0,double,True,FEM_3D_thermal2,16
1046,1,0.0,0.17,DEFAULT,0,double,True,FEM_3D_thermal2,16
1047,2,0.0,0.16,DEFAULT,0,double,True,FEM_3D_thermal2,16
1048,3,0.0,0.16,DEFAULT,0,double,True,FEM_3D_thermal2,16
1049,4,0.0,0.17,DEFAULT,0,double,True,FEM_3D_thermal2,16
1050,0,0.0,0.01,DEFAULT,1024,double,False,FEM_3D_thermal2,16
1051,1,0.0,0.0,DEFAULT,1024,double,False,FEM_3D_thermal2,16
1052,2,0.0,0.0,DEFAULT,1024,double,False,FEM_3D_thermal2,16
1053,3,0.0,0.01,DEFAULT,1024,double,False,FEM_3D_thermal2,16
1054,4,0.0,0.0,DEFAULT,1024,double,False,FEM_3D_thermal2,16
1055,0,0.0,0.16,DEFAULT,1024,double,True,FEM_3D_thermal2,16
1056,1,0.0,0.17,DEFAULT,1024,double,True,FEM_3D_thermal2,16
1057,2,0.0,0.17,DEFAULT,1024,double,True,FEM_3D_thermal2,16
1058,3,0.0,0.17,DEFAULT,1024,double,True,FEM_3D_thermal2,16
1059,4,0.0,0.17,DEFAULT,1024,double,True,FEM_3D_thermal2,16
1060,0,0.0,0.0,DEFAULT,32768,double,False,FEM_3D_thermal2,16
1061,1,0.0,0.0,DEFAULT,32768,double,False,FEM_3D_thermal2,16
1062,2,0.0,0.01,DEFAULT,32768,double,False,FEM_3D_thermal2,16
1063,3,0.0,0.0,DEFAULT,32768,double,False,FEM_3D_thermal2,16
1064,4,0.0,0.0,DEFAULT,32768,double,False,FEM_3D_thermal2,16
1065,0,0.0,0.16,DEFAULT,32768,double,True,FEM_3D_thermal2,16
1066,1,0.0,0.16,DEFAULT,32768,double,True,FEM_3D_thermal2,16
1067,2,0.0,0.16,DEFAULT,32768,double,True,FEM_3D_thermal2,16
1068,3,0.0,0.16,DEFAULT,32768,double,True,FEM_3D_thermal2,16
1069,4,0.0,0.15,DEFAULT,32768,double,True,FEM_3D_thermal2,16
1070,0,0.0,0.0,DEFAULT,1048576,double,False,FEM_3D_thermal2,16
1071,1,0.0,0.0,DEFAULT,1048576,double,False,FEM_3D_thermal2,16
1072,2,0.0,0.01,DEFAULT,1048576,double,False,FEM_3D_thermal2,16
1073,3,0.0,0.0,DEFAULT,1048576,double,False,FEM_3D_thermal2,16
1074,4,0.0,0.0,DEFAULT,1048576,double,False,FEM_3D_thermal2,16
1075,0,0.0,0.15,DEFAULT,1048576,double,True,FEM_3D_thermal2,16
1076,1,0.0,0.15,DEFAULT,1048576,double,True,FEM_3D_thermal2,16
1077,2,0.0,0.15,DEFAULT,1048576,double,True,FEM_3D_thermal2,16
1078,3,0.0,0.14,DEFAULT,1048576,double,True,FEM_3D_thermal2,16
1079,4,0.0,0.15,DEFAULT,1048576,double,True,FEM_3D_thermal2,16
1080,0,0.0,0.0,DEFAULT,0,double,False,FEM_3D_thermal2,32
1081,1,0.0,0.01,DEFAULT,0,double,False,FEM_3D_thermal2,32
1082,2,0.0,0.0,DEFAULT,0,double,False,FEM_3D_thermal2,32
1083,3,0.0,0.01,DEFAULT,0,double,False,FEM_3D_thermal2,32
1084,4,0.0,0.0,DEFAULT,0,double,False,FEM_3D_thermal2,32
1085,0,0.0,0.29,DEFAULT,0,double,True,FEM_3D_thermal2,32
1086,1,0.0,0.3,DEFAULT,0,double,True,FEM_3D_thermal2,32
1087,2,0.0,0.3,DEFAULT,0,double,True,FEM_3D_thermal2,32
1088,3,0.0,0.3,DEFAULT,0,double,True,FEM_3D_thermal2,32
1089,4,0.0,0.3,DEFAULT,0,double,True,FEM_3D_thermal2,32
1090,0,0.0,0.01,DEFAULT,1024,double,False,FEM_3D_thermal2,32
1091,1,0.0,0.0,DEFAULT,1024,double,False,FEM_3D_thermal2,32
1092,2,0.0,0.01,DEFAULT,1024,double,False,FEM_3D_thermal2,32
1093,3,0.0,0.01,DEFAULT,1024,double,False,FEM_3D_thermal2,32
1094,4,0.0,0.0,DEFAULT,1024,double,False,FEM_3D_thermal2,32
1095,0,0.0,0.29,DEFAULT,1024,double,True,FEM_3D_thermal2,32
1096,1,0.0,0.3,DEFAULT,1024,double,True,FEM_3D_thermal2,32
1097,2,0.0,0.31,DEFAULT,1024,double,True,FEM_3D_thermal2,32
1098,3,0.0,0.3,DEFAULT,1024,double,True,FEM_3D_thermal2,32
1099,4,0.0,0.3,DEFAULT,1024,double,True,FEM_3D_thermal2,32
1100,0,0.0,0.01,DEFAULT,32768,double,False,FEM_3D_thermal2,32
1101,1,0.0,0.0,DEFAULT,32768,double,False,FEM_3D_thermal2,32
1102,2,0.0,0.0,DEFAULT,32768,double,False,FEM_3D_thermal2,32
1103,3,0.0,0.01,DEFAULT,32768,double,False,FEM_3D_thermal2,32
1104,4,0.0,0.0,DEFAULT,32768,double,False,FEM_3D_thermal2,32
1105,0,0.0,0.28,DEFAULT,32768,double,True,FEM_3D_thermal2,32
1106,1,0.0,0.29,DEFAULT,32768,double,True,FEM_3D_thermal2,32
1107,2,0.0,0.28,DEFAULT,32768,double,True,FEM_3D_thermal2,32
1108,3,0.0,0.29,DEFAULT,32768,double,True,FEM_3D_thermal2,32
1109,4,0.0,0.29,DEFAULT,32768,double,True,FEM_3D_thermal2,32
1110,0,0.0,0.0,DEFAULT,1048576,double,False,FEM_3D_thermal2,32
1111,1,0.0,0.01,DEFAULT,1048576,double,False,FEM_3D_thermal2,32
1112,2,0.0,0.0,DEFAULT,1048576,double,False,FEM_3D_thermal2,32
1113,3,0.0,0.0,DEFAULT,1048576,double,False,FEM_3D_thermal2,32
1114,4,0.0,0.01,DEFAULT,1048576,double,False,FEM_3D_thermal2,32
1115,0,0.0,0.27,DEFAULT,1048576,double,True,FEM_3D_thermal2,32
1116,1,0.0,0.27,DEFAULT,1048576,double,True,FEM_3D_thermal2,32
1117,2,0.0,0.26,DEFAULT,1048576,double,True,FEM_3D_thermal2,32
1118,3,0.0,0.27,DEFAULT,1048576,double,True,FEM_3D_thermal2,32
1119,4,0.0,0.27,DEFAULT,1048576,double,True,FEM_3D_thermal2,32
1120,0,0.0,0.01,DEFAULT,0,double,False,kron_g500-logn17,4
1121,1,0.0,0.02,DEFAULT,0,double,False,kron_g500-logn17,4
1122,2,0.0,0.01,DEFAULT,0,double,False,kron_g500-logn17,4
1123,3,0.0,0.01,DEFAULT,0,double,False,kron_g500-logn17,4
1124,4,0.0,0.01,DEFAULT,0,double,False,kron_g500-logn17,4
1125,0,0.0,0.66,DEFAULT,0,double,True,kron_g500-logn17,4
1126,1,0.0,0.66,DEFAULT,0,double,True,kron_g500-logn17,4
1127,2,0.0,0.67,DEFAULT,0,double,True,kron_g500-logn17,4
1128,3,0.0,0.66,DEFAULT,0,double,True,kron_g500-logn17,4
1129,4,0.0,0.66,DEFAULT,0,double,True,kron_g500-logn17,4
1130,0,0.0,0.01,DEFAULT,1024,double,False,kron_g500-logn17,4
1131,1,0.0,0.01,DEFAULT,1024,double,False,kron_g500-logn17,4
1132,2,0.0,0.01,DEFAULT,1024,double,False,kron_g500-logn17,4
1133,3,0.0,0.02,DEFAULT,1024,double,False,kron_g500-logn17,4
1134,4,0.0,0.01,DEFAULT,1024,double,False,kron_g500-logn17,4
1135,0,0.0,0.68,DEFAULT,1024,double,True,kron_g500-logn17,4
1136,1,0.0,0.68,DEFAULT,1024,double,True,kron_g500-logn17,4
1137,2,0.0,0.69,DEFAULT,1024,double,True,kron_g500-logn17,4
1138,3,0.0,0.68,DEFAULT,1024,double,True,kron_g500-logn17,4
1139,4,0.0,0.69,DEFAULT,1024,double,True,kron_g500-logn17,4
1140,0,0.0,0.01,DEFAULT,32768,double,False,kron_g500-logn17,4
1141,1,0.0,0.02,DEFAULT,32768,double,False,kron_g500-logn17,4
1142,2,0.0,0.01,DEFAULT,32768,double,False,kron_g500-logn17,4
1143,3,0.0,0.01,DEFAULT,32768,double,False,kron_g500-logn17,4
1144,4,0.0,0.01,DEFAULT,32768,double,False,kron_g500-logn17,4
1145,0,0.0,0.6,DEFAULT,32768,double,True,kron_g500-logn17,4
1146,1,0.0,0.6,DEFAULT,32768,double,True,kron_g500-logn17,4
1147,2,0.0,0.59,DEFAULT,32768,double,True,kron_g500-logn17,4
1148,3,0.0,0.6,DEFAULT,32768,double,True,kron_g500-logn17,4
1149,4,0.0,0.61,DEFAULT,32768,double,True,kron_g500-logn17,4
1150,0,0.0,0.01,DEFAULT,1048576,double,False,kron_g500-logn17,4
1151,1,0.0,0.01,DEFAULT,1048576,double,False,kron_g500-logn17,4
1152,2,0.0,0.01,DEFAULT,1048576,double,False,kron_g500-logn17,4
1153,3,0.0,0.02,DEFAULT,1048576,double,False,kron_g500-logn17,4
1154,4,0.0,0.01,DEFAULT,1048576,double,False,kron_g500-logn17,4
1155,0,0.0,0.16,DEFAULT,1048576,double,True,kron_g500-logn17,4
1156,1,0.0,0.16,DEFAULT,1048576,double,True,kron_g500-logn17,4
1157,2,0.0,0.15,DEFAULT,1048576,double,True,kron_g500-logn17,4
1158,3,0.0,0.16,DEFAULT,1048576,double,True,kron_g500-logn17,4
1159,4,0.0,0.15,DEFAULT,1048576,double,True,kron_g500-logn17,4
1160,0,0.0,0.01,DEFAULT,0,double,False,kron_g500-logn17,8
1161,1,0.0,0.01,DEFAULT,0,double,False,kron_g500-logn17,8
1162,2,0.0,0.01,DEFAULT,0,double,False,kron_g500-logn17,8
1163,3,0.0,0.02,DEFAULT,0,double,False,kron_g500-logn17,8
1164,4,0.0,0.01,DEFAULT,0,double,False,kron_g500-logn17,8
1165,0,0.0,0.65,DEFAULT,0,double,True,kron_g500-logn17,8
1166,1,0.0,0.66,DEFAULT,0,double,True,kron_g500-logn17,8
1167,2,0.0,0.66,DEFAULT,0,double,True,kron_g500-logn17,8
1168,3,0.0,0.66,DEFAULT,0,double,True,kron_g500-logn17,8
1169,4,0.0,0.66,DEFAULT,0,double,True,kron_g500-logn17,8
1170,0,0.0,0.01,DEFAULT,1024,double,False,kron_g500-logn17,8
1171,1,0.0,0.01,DEFAULT,1024,double,False,kron_g500-logn17,8
1172,2,0.0,0.02,DEFAULT,1024,double,False,kron_g500-logn17,8
1173,3,0.0,0.01,DEFAULT,1024,double,False,kron_g500-logn17,8
1174,4,0.0,0.01,DEFAULT,1024,double,False,kron_g500-logn17,8
1175,0,0.0,0.68,DEFAULT,1024,double,True,kron_g500-logn17,8
1176,1,0.0,0.68,DEFAULT,1024,double,True,kron_g500-logn17,8
1177,2,0.0,0.69,DEFAULT,1024,double,True,kron_g500-logn17,8
1178,3,0.0,0.68,DEFAULT,1024,double,True,kron_g500-logn17,8
1179,4,0.0,0.68,DEFAULT,1024,double,True,kron_g500-logn17,8
1180,0,0.0,0.01,DEFAULT,32768,double,False,kron_g500-logn17,8
1181,1,0.0,0.01,DEFAULT,32768,double,False,kron_g500-logn17,8
1182,2,0.0,0.01,DEFAULT,32768,double,False,kron_g500-logn17,8
1183,3,0.0,0.01,DEFAULT,32768,double,False,kron_g500-logn17,8
1184,4,0.0,0.01,DEFAULT,32768,double,False,kron_g500-logn17,8
1185,0,0.0,0.59,DEFAULT,32768,double,True,kron_g500-logn17,8
1186,1,0.0,0.61,DEFAULT,32768,double,True,kron_g500-logn17,8
1187,2,0.0,0.6,DEFAULT,32768,double,True,kron_g500-logn17,8
1188,3,0.0,0.6,DEFAULT,32768,double,True,kron_g500-logn17,8
1189,4,0.0,0.62,DEFAULT,32768,double,True,kron_g500-logn17,8
1190,0,0.0,0.01,DEFAULT,1048576,double,False,kron_g500-logn17,8
1191,1,0.0,0.01,DEFAULT,1048576,double,False,kron_g500-logn17,8
1192,2,0.0,0.02,DEFAULT,1048576,double,False,kron_g500-logn17,8
1193,3,0.0,0.01,DEFAULT,1048576,double,False,kron_g500-logn17,8
1194,4,0.0,0.01,DEFAULT,1048576,double,False,kron_g500-logn17,8
1195,0,0.0,0.17,DEFAULT,1048576,double,True,kron_g500-logn17,8
1196,1,0.0,0.15,DEFAULT,1048576,double,True,kron_g500-logn17,8
1197,2,0.0,0.16,DEFAULT,1048576,double,True,kron_g500-logn17,8
1198,3,0.0,0.15,DEFAULT,1048576,double,True,kron_g500-logn17,8
1199,4,0.0,0.16,DEFAULT,1048576,double,True,kron_g500-logn17,8
1200,0,0.0,0.02,DEFAULT,0,double,False,kron_g500-logn17,16
1201,1,0.0,0.01,DEFAULT,0,double,False,kron_g500-logn17,16
1202,2,0.0,0.01,DEFAULT,0,double,False,kron_g500-logn17,16
1203,3,0.0,0.02,DEFAULT,0,double,False,kron_g500-logn17,16
1204,4,0.0,0.01,DEFAULT,0,double,False,kron_g500-logn17,16
1205,0,0.0,0.66,DEFAULT,0,double,True,kron_g500-logn17,16
1206,1,0.0,0.66,DEFAULT,0,double,True,kron_g500-logn17,16
1207,2,0.0,0.66,DEFAULT,0,double,True,kron_g500-logn17,16
1208,3,0.0,0.66,DEFAULT,0,double,True,kron_g500-logn17,16
1209,4,0.0,0.66,DEFAULT,0,double,True,kron_g500-logn17,16
1210,0,0.0,0.02,DEFAULT,1024,double,False,kron_g500-logn17,16
1211,1,0.0,0.01,DEFAULT,1024,double,False,kron_g500-logn17,16
1212,2,0.0,0.01,DEFAULT,1024,double,False,kron_g500-logn17,16
1213,3,0.0,0.01,DEFAULT,1024,double,False,kron_g500-logn17,16
1214,4,0.0,0.01,DEFAULT,1024,double,False,kron_g500-logn17,16
1215,0,0.0,0.68,DEFAULT,1024,double,True,kron_g500-logn17,16
1216,1,0.0,0.68,DEFAULT,1024,double,True,kron_g500-logn17,16
1217,2,0.0,0.68,DEFAULT,1024,double,True,kron_g500-logn17,16
1218,3,0.0,0.69,DEFAULT,1024,double,True,kron_g500-logn17,16
1219,4,0.0,0.68,DEFAULT,1024,double,True,kron_g500-logn17,16
1220,0,0.0,0.01,DEFAULT,32768,double,False,kron_g500-logn17,16
1221,1,0.0,0.01,DEFAULT,32768,double,False,kron_g500-logn17,16
1222,2,0.0,0.01,DEFAULT,32768,double,False,kron_g500-logn17,16
1223,3,0.0,0.01,DEFAULT,32768,double,False,kron_g500-logn17,16
1224,4,0.0,0.01,DEFAULT,32768,double,False,kron_g500-logn17,16
1225,0,0.0,0.59,DEFAULT,32768,double,True,kron_g500-logn17,16
1226,1,0.0,0.6,DEFAULT,32768,double,True,kron_g500-logn17,16
1227,2,0.0,0.59,DEFAULT,32768,double,True,kron_g500-logn17,16
1228,3,0.0,0.6,DEFAULT,32768,double,True,kron_g500-logn17,16
1229,4,0.0,0.6,DEFAULT,32768,double,True,kron_g500-logn17,16
1230,0,0.0,0.01,DEFAULT,1048576,double,False,kron_g500-logn17,16
1231,1,0.0,0.01,DEFAULT,1048576,double,False,kron_g500-logn17,16
1232,2,0.0,0.01,DEFAULT,1048576,double,False,kron_g500-logn17,16
1233,3,0.0,0.01,DEFAULT,1048576,double,False,kron_g500-logn17,16
1234,4,0.0,0.01,DEFAULT,1048576,double,False,kron_g500-logn17,16
1235,0,0.0,0.17,DEFAULT,1048576,double,True,kron_g500-logn17,16
1236,1,0.0,0.15,DEFAULT,1048576,double,True,kron_g500-logn17,16
1237,2,0.0,0.15,DEFAULT,1048576,double,True,kron_g500-logn17,16
1238,3,0.0,0.16,DEFAULT,1048576,double,True,kron_g500-logn17,16
1239,4,0.0,0.15,DEFAULT,1048576,double,True,kron_g500-logn17,16
1240,0,0.0,0.01,DEFAULT,0,double,False,kron_g500-logn17,32
1241,1,0.0,0.01,DEFAULT,0,double,False,kron_g500-logn17,32
1242,2,0.0,0.01,DEFAULT,0,double,False,kron_g500-logn17,32
1243,3,0.0,0.01,DEFAULT,0,double,False,kron_g500-logn17,32
1244,4,0.0,0.01,DEFAULT,0,double,False,kron_g500-logn17,32
1245,0,0.0,1.19,DEFAULT,0,double,True,kron_g500-logn17,32
1246,1,0.0,1.19,DEFAULT,0,double,True,kron_g500-logn17,32
1247,2,0.0,1.19,DEFAULT,0,double,True,kron_g500-logn17,32
1248,3,0.0,1.2,DEFAULT,0,double,True,kron_g500-logn17,32
1249,4,0.0,1.19,DEFAULT,0,double,True,kron_g500-logn17,32
1250,0,0.0,0.01,DEFAULT,1024,double,False,kron_g500-logn17,32
1251,1,0.0,0.02,DEFAULT,1024,double,False,kron_g500-logn17,32
1252,2,0.0,0.01,DEFAULT,1024,double,False,kron_g500-logn17,32
1253,3,0.0,0.01,DEFAULT,1024,double,False,kron_g500-logn17,32
1254,4,0.0,0.01,DEFAULT,1024,double,False,kron_g500-logn17,32
1255,0,0.0,1.23,DEFAULT,1024,double,True,kron_g500-logn17,32
1256,1,0.0,1.24,DEFAULT,1024,double,True,kron_g500-logn17,32
1257,2,0.0,1.23,DEFAULT,1024,double,True,kron_g500-logn17,32
1258,3,0.0,1.24,DEFAULT,1024,double,True,kron_g500-logn17,32
1259,4,0.0,1.24,DEFAULT,1024,double,True,kron_g500-logn17,32
1260,0,0.0,0.01,DEFAULT,32768,double,False,kron_g500-logn17,32
1261,1,0.0,0.02,DEFAULT,32768,double,False,kron_g500-logn17,32
1262,2,0.0,0.01,DEFAULT,32768,double,False,kron_g500-logn17,32
1263,3,0.0,0.01,DEFAULT,32768,double,False,kron_g500-logn17,32
1264,4,0.0,0.01,DEFAULT,32768,double,False,kron_g500-logn17,32
1265,0,0.0,1.05,DEFAULT,32768,double,True,kron_g500-logn17,32
1266,1,0.0,1.06,DEFAULT,32768,double,True,kron_g500-logn17,32
1267,2,0.0,1.06,DEFAULT,32768,double,True,kron_g500-logn17,32
1268,3,0.0,1.05,DEFAULT,32768,double,True,kron_g500-logn17,32
1269,4,0.0,1.06,DEFAULT,32768,double,True,kron_g500-logn17,32
1270,0,0.0,0.02,DEFAULT,1048576,double,False,kron_g500-logn17,32
1271,1,0.0,0.01,DEFAULT,1048576,double,False,kron_g500-logn17,32
1272,2,0.0,0.01,DEFAULT,1048576,double,False,kron_g500-logn17,32
1273,3,0.0,0.01,DEFAULT,1048576,double,False,kron_g500-logn17,32
1274,4,0.0,0.01,DEFAULT,1048576,double,False,kron_g500-logn17,32
1275,0,0.0,0.26,DEFAULT,1048576,double,True,kron_g500-logn17,32
1276,1,0.0,0.25,DEFAULT,1048576,double,True,kron_g500-logn17,32
1277,2,0.0,0.25,DEFAULT,1048576,double,True,kron_g500-logn17,32
1278,3,0.0,0.26,DEFAULT,1048576,double,True,kron_g500-logn17,32
1279,4,0.0,0.25,DEFAULT,1048576,double,True,kron_g500-logn17,32
1280,0,0.0,0.0,TWOWAY,0,double,False,FEM_3D_thermal2,4
1281,1,0.0,0.0,TWOWAY,0,double,False,FEM_3D_thermal2,4
1282,2,0.0,0.01,TWOWAY,0,double,False,FEM_3D_thermal2,4
1283,3,0.0,0.0,TWOWAY,0,double,False,FEM_3D_thermal2,4
1284,4,0.0,0.01,TWOWAY,0,double,False,FEM_3D_thermal2,4
1285,0,0.0,0.18,TWOWAY,0,double,True,FEM_3D_thermal2,4
1286,1,0.0,0.18,TWOWAY,0,double,True,FEM_3D_thermal2,4
1287,2,0.0,0.18,TWOWAY,0,double,True,FEM_3D_thermal2,4
1288,3,0.0,0.18,TWOWAY,0,double,True,FEM_3D_thermal2,4
1289,4,0.0,0.18,TWOWAY,0,double,True,FEM_3D_thermal2,4
1290,0,0.0,0.0,TWOWAY,1024,double,False,FEM_3D_thermal2,4
1291,1,0.0,0.01,TWOWAY,1024,double,False,FEM_3D_thermal2,4
1292,2,0.0,0.0,TWOWAY,1024,double,False,FEM_3D_thermal2,4
1293,3,0.0,0.01,TWOWAY,1024,double,False,FEM_3D_thermal2,4
1294,4,0.0,0.0,TWOWAY,1024,double,False,FEM_3D_thermal2,4
1295,0,0.0,0.17,TWOWAY,1024,double,True,FEM_3D_thermal2,4
1296,1,0.0,0.17,TWOWAY,1024,double,True,FEM_3D_thermal2,4
1297,2,0.0,0.18,TWOWAY,1024,double,True,FEM_3D_thermal2,4
1298,3,0.0,0.18,TWOWAY,1024,double,True,FEM_3D_thermal2,4
1299,4,0.0,0.18,TWOWAY,1024,double,True,FEM_3D_thermal2,4
1300,0,0.0,0.0,TWOWAY,32768,double,False,FEM_3D_thermal2,4
1301,1,0.0,0.01,TWOWAY,32768,double,False,FEM_3D_thermal2,4
1302,2,0.0,0.0,TWOWAY,32768,double,False,FEM_3D_thermal2,4
1303,3,0.0,0.01,TWOWAY,32768,double,False,FEM_3D_thermal2,4
1304,4,0.0,0.0,TWOWAY,32768,double,False,FEM_3D_thermal2,4
1305,0,0.0,0.16,TWOWAY,32768,double,True,FEM_3D_thermal2,4
1306,1,0.0,0.18,TWOWAY,32768,double,True,FEM_3D_thermal2,4
1307,2,0.0,0.17,TWOWAY,32768,double,True,FEM_3D_thermal2,4
1308,3,0.0,0.17,TWOWAY,32768,double,True,FEM_3D_thermal2,4
1309,4,0.0,0.17,TWOWAY,32768,double,True,FEM_3D_thermal2,4
1310,0,0.0,0.01,TWOWAY,1048576,double,False,FEM_3D_thermal2,4
1311,1,0.0,0.0,TWOWAY,1048576,double,False,FEM_3D_thermal2,4
1312,2,0.0,0.0,TWOWAY,1048576,double,False,FEM_3D_thermal2,4
1313,3,0.0,0.01,TWOWAY,1048576,double,False,FEM_3D_thermal2,4
1314,4,0.0,0.0,TWOWAY,1048576,double,False,FEM_3D_thermal2,4
1315,0,0.0,0.18,TWOWAY,1048576,double,True,FEM_3D_thermal2,4
1316,1,0.0,0.16,TWOWAY,1048576,double,True,FEM_3D_thermal2,4
1317,2,0.0,0.17,TWOWAY,1048576,double,True,FEM_3D_thermal2,4
1318,3,0.0,0.16,TWOWAY,1048576,double,True,FEM_3D_thermal2,4
1319,4,0.0,0.17,TWOWAY,1048576,double,True,FEM_3D_thermal2,4
1320,0,0.0,0.0,TWOWAY,0,double,False,FEM_3D_thermal2,8
1321,1,0.0,0.01,TWOWAY,0,double,False,FEM_3D_thermal2,8
1322,2,0.0,0.0,TWOWAY,0,double,False,FEM_3D_thermal2,8
1323,3,0.0,0.0,TWOWAY,0,double,False,FEM_3D_thermal2,8
1324,4,0.0,0.01,TWOWAY,0,double,False,FEM_3D_thermal2,8
1325,0,0.0,0.17,TWOWAY,0,double,True,FEM_3D_thermal2,8
1326,1,0.0,0.16,TWOWAY,0,double,True,FEM_3D_thermal2,8
1327,2,0.0,0.17,TWOWAY,0,double,True,FEM_3D_thermal2,8
1328,3,0.0,0.17,TWOWAY,0,double,True,FEM_3D_thermal2,8
1329,4,0.0,0.17,TWOWAY,0,double,True,FEM_3D_thermal2,8
1330,0,0.0,0.0,TWOWAY,1024,double,False,FEM_3D_thermal2,8
1331,1,0.0,0.01,TWOWAY,1024,double,False,FEM_3D_thermal2,8
1332,2,0.0,0.0,TWOWAY,1024,double,False,FEM_3D_thermal2,8
1333,3,0.0,0.0,TWOWAY,1024,double,False,FEM_3D_thermal2,8
1334,4,0.0,0.01,TWOWAY,1024,double,False,FEM_3D_thermal2,8
1335,0,0.0,0.18,TWOWAY,1024,double,True,FEM_3D_thermal2,8
1336,1,0.0,0.17,TWOWAY,1024,double,True,FEM_3D_thermal2,8
1337,2,0.0,0.18,TWOWAY,1024,double,True,FEM_3D_thermal2,8
1338,3,0.0,0.18,TWOWAY,1024,double,True,FEM_3D_thermal2,8
1339,4,0.0,0.17,TWOWAY,1024,double,True,FEM_3D_thermal2,8
1340,0,0.0,0.0,TWOWAY,32768,double,False,FEM_3D_thermal2,8
1341,1,0.0,0.01,TWOWAY,32768,double,False,FEM_3D_thermal2,8
1342,2,0.0,0.0,TWOWAY,32768,double,False,FEM_3D_thermal2,8
1343,3,0.0,0.01,TWOWAY,32768,double,False,FEM_3D_thermal2,8
1344,4,0.0,0.0,TWOWAY,32768,double,False,FEM_3D_thermal2,8
1345,0,0.0,0.16,TWOWAY,32768,double,True,FEM_3D_thermal2,8
1346,1,0.0,0.17,TWOWAY,32768,double,True,FEM_3D_thermal2,8
1347,2,0.0,0.18,TWOWAY,32768,double,True,FEM_3D_thermal2,8
1348,3,0.0,0.17,TWOWAY,32768,double,True,FEM_3D_thermal2,8
1349,4,0.0,0.17,TWOWAY,32768,double,True,FEM_3D_thermal2,8
1350,0,0.0,0.02,TWOWAY,1048576,double,False,FEM_3D_thermal2,8
1351,1,0.0,0.0,TWOWAY,1048576,double,False,FEM_3D_thermal2,8
1352,2,0.0,0.01,TWOWAY,1048576,double,False,FEM_3D_thermal2,8
1353,3,0.0,0.0,TWOWAY,1048576,double,False,FEM_3D_thermal2,8
1354,4,0.0,0.0,TWOWAY,1048576,double,False,FEM_3D_thermal2,8
1355,0,0.0,0.17,TWOWAY,1048576,double,True,FEM_3D_thermal2,8
1356,1,0.0,0.16,TWOWAY,1048576,double,True,FEM_3D_thermal2,8
1357,2,0.0,0.16,TWOWAY,1048576,double,True,FEM_3D_thermal2,8
1358,3,0.0,0.17,TWOWAY,1048576,double,True,FEM_3D_thermal2,8
1359,4,0.0,0.16,TWOWAY,1048576,double,True,FEM_3D_thermal2,8
1360,0,0.0,0.01,TWOWAY,0,double,False,FEM_3D_thermal2,16
1361,1,0.0,0.0,TWOWAY,0,double,False,FEM_3D_thermal2,16
1362,2,0.0,0.0,TWOWAY,0,double,False,FEM_3D_thermal2,16
1363,3,0.0,0.01,TWOWAY,0,double,False,FEM_3D_thermal2,16
1364,4,0.0,0.0,TWOWAY,0,double,False,FEM_3D_thermal2,16
1365,0,0.0,0.16,TWOWAY,0,double,True,FEM_3D_thermal2,16
1366,1,0.0,0.17,TWOWAY,0,double,True,FEM_3D_thermal2,16
1367,2,0.0,0.17,TWOWAY,0,double,True,FEM_3D_thermal2,16
1368,3,0.0,0.17,TWOWAY,0,double,True,FEM_3D_thermal2,16
1369,4,0.0,0.17,TWOWAY,0,double,True,FEM_3D_thermal2,16
1370,0,0.0,0.0,TWOWAY,1024,double,False,FEM_3D_thermal2,16
1371,1,0.0,0.0,TWOWAY,1024,double,False,FEM_3D_thermal2,16
1372,2,0.0,0.01,TWOWAY,1024,double,False,FEM_3D_thermal2,16
1373,3,0.0,0.0,TWOWAY,1024,double,False,FEM_3D_thermal2,16
1374,4,0.0,0.01,TWOWAY,1024,double,False,FEM_3D_thermal2,16
1375,0,0.0,0.18,TWOWAY,1024,double,True,FEM_3D_thermal2,16
1376,1,0.0,0.17,TWOWAY,1024,double,True,FEM_3D_thermal2,16
1377,2,0.0,0.18,TWOWAY,1024,double,True,FEM_3D_thermal2,16
1378,3,0.0,0.18,TWOWAY,1024,double,True,FEM_3D_thermal2,16
1379,4,0.0,0.18,TWOWAY,1024,double,True,FEM_3D_thermal2,16
1380,0,0.0,0.01,TWOWAY,32768,double,False,FEM_3D_thermal2,16
1381,1,0.0,0.0,TWOWAY,32768,double,False,FEM_3D_thermal2,16
1382,2,0.0,0.0,TWOWAY,32768,double,False,FEM_3D_thermal2,16
1383,3,0.0,0.01,TWOWAY,32768,double,False,FEM_3D_thermal2,16
1384,4,0.0,0.0,TWOWAY,32768,double,False,FEM_3D_thermal2,16
1385,0,0.0,0.17,TWOWAY,32768,double,True,FEM_3D_thermal2,16
1386,1,0.0,0.17,TWOWAY,32768,double,True,FEM_3D_thermal2,16
1387,2,0.0,0.16,TWOWAY,32768,double,True,FEM_3D_thermal2,16
1388,3,0.0,0.17,TWOWAY,32768,double,True,FEM_3D_thermal2,16
1389,4,0.0,0.17,TWOWAY,32768,double,True,FEM_3D_thermal2,16
1390,0,0.0,0.0,TWOWAY,1048576,double,False,FEM_3D_thermal2,16
1391,1,0.0,0.01,TWOWAY,1048576,double,False,FEM_3D_thermal2,16
1392,2,0.0,0.0,TWOWAY,1048576,double,False,FEM_3D_thermal2,16
1393,3,0.0,0.0,TWOWAY,1048576,double,False,FEM_3D_thermal2,16
1394,4,0.0,0.01,TWOWAY,1048576,double,False,FEM_3D_thermal2,16
1395,0,0.0,0.17,TWOWAY,1048576,double,True,FEM_3D_thermal2,16
1396,1,0.0,0.16,TWOWAY,1048576,double,True,FEM_3D_thermal2,16
1397,2,0.0,0.16,TWOWAY,1048576,double,True,FEM_3D_thermal2,16
1398,3,0.0,0.16,TWOWAY,1048576,double,True,FEM_3D_thermal2,16
1399,4,0.0,0.17,TWOWAY,1048576,double,True,FEM_3D_thermal2,16
1400,0,0.0,0.01,TWOWAY,0,double,False,FEM_3D_thermal2,32
1401,1,0.0,0.0,TWOWAY,0,double,False,FEM_3D_thermal2,32
1402,2,0.0,0.0,TWOWAY,0,double,False,FEM_3D_thermal2,32
1403,3,0.0,0.01,TWOWAY,0,double,False,FEM_3D_thermal2,32
1404,4,0.0,0.0,TWOWAY,0,double,False,FEM_3D_thermal2,32
1405,0,0.0,0.29,TWOWAY,0,double,True,FEM_3D_thermal2,32
1406,1,0.0,0.3,TWOWAY,0,double,True,FEM_3D_thermal2,32
1407,2,0.0,0.3,TWOWAY,0,double,True,FEM_3D_thermal2,32
1408,3,0.0,0.3,TWOWAY,0,double,True,FEM_3D_thermal2,32
1409,4,0.0,0.29,TWOWAY,0,double,True,FEM_3D_thermal2,32
1410,0,0.0,0.01,TWOWAY,1024,double,False,FEM_3D_thermal2,32
1411,1,0.0,0.0,TWOWAY,1024,double,False,FEM_3D_thermal2,32
1412,2,0.0,0.01,TWOWAY,1024,double,False,FEM_3D_thermal2,32
1413,3,0.0,0.0,TWOWAY,1024,double,False,FEM_3D_thermal2,32
1414,4,0.0,0.01,TWOWAY,1024,double,False,FEM_3D_thermal2,32
1415,0,0.0,0.3,TWOWAY,1024,double,True,FEM_3D_thermal2,32
1416,1,0.0,0.31,TWOWAY,1024,double,True,FEM_3D_thermal2,32
1417,2,0.0,0.31,TWOWAY,1024,double,True,FEM_3D_thermal2,32
1418,3,0.0,0.31,TWOWAY,1024,double,True,FEM_3D_thermal2,32
1419,4,0.0,0.31,TWOWAY,1024,double,True,FEM_3D_thermal2,32
1420,0,0.0,0.01,TWOWAY,32768,double,False,FEM_3D_thermal2,32
1421,1,0.0,0.0,TWOWAY,32768,double,False,FEM_3D_thermal2,32
1422,2,0.0,0.0,TWOWAY,32768,double,False,FEM_3D_thermal2,32
1423,3,0.0,0.01,TWOWAY,32768,double,False,FEM_3D_thermal2,32
1424,4,0.0,0.0,TWOWAY,32768,double,False,FEM_3D_thermal2,32
1425,0,0.0,0.29,TWOWAY,32768,double,True,FEM_3D_thermal2,32
1426,1,0.0,0.31,TWOWAY,32768,double,True,FEM_3D_thermal2,32
1427,2,0.0,0.3,TWOWAY,32768,double,True,FEM_3D_thermal2,32
1428,3,0.0,0.3,TWOWAY,32768,double,True,FEM_3D_thermal2,32
1429,4,0.0,0.3,TWOWAY,32768,double,True,FEM_3D_thermal2,32
1430,0,0.0,0.01,TWOWAY,1048576,double,False,FEM_3D_thermal2,32
1431,1,0.0,0.0,TWOWAY,1048576,double,False,FEM_3D_thermal2,32
1432,2,0.0,0.0,TWOWAY,1048576,double,False,FEM_3D_thermal2,32
1433,3,0.0,0.01,TWOWAY,1048576,double,False,FEM_3D_thermal2,32
1434,4,0.0,0.0,TWOWAY,1048576,double,False,FEM_3D_thermal2,32
1435,0,0.0,0.3,TWOWAY,1048576,double,True,FEM_3D_thermal2,32
1436,1,0.0,0.3,TWOWAY,1048576,double,True,FEM_3D_thermal2,32
1437,2,0.0,0.28,TWOWAY,1048576,double,True,FEM_3D_thermal2,32
1438,3,0.0,0.28,TWOWAY,1048576,double,True,FEM_3D_thermal2,32
1439,4,0.0,0.28,TWOWAY,1048576,double,True,FEM_3D_thermal2,32
1440,0,0.0,0.01,TWOWAY,0,double,False,kron_g500-logn17,4
1441,1,0.0,0.01,TWOWAY,0,double,False,kron_g500-logn17,4
1442,2,0.0,0.01,TWOWAY,0,double,False,kron_g500-logn17,4
1443,3,0.0,0.01,TWOWAY,0,double,False,kron_g500-logn17,4
1444,4,0.0,0.01,TWOWAY,0,double,False,kron_g500-logn17,4
1445,0,0.0,0.68,TWOWAY,0,double,True,kron_g500-logn17,4
1446,1,0.0,0.68,TWOWAY,0,double,True,kron_g500-logn17,4
1447,2,0.0,0.68,TWOWAY,0,double,True,kron_g500-logn17,4
1448,3,0.0,0.67,TWOWAY,0,double,True,kron_g500-logn17,4
1449,4,0.0,0.68,TWOWAY,0,double,True,kron_g500-logn17,4
1450,0,0.0,0.01,TWOWAY,1024,double,False,kron_g500-logn17,4
1451,1,0.0,0.01,TWOWAY,1024,double,False,kron_g500-logn17,4
1452,2,0.0,0.01,TWOWAY,1024,double,False,kron_g500-logn17,4
1453,3,0.0,0.01,TWOWAY,1024,double,False,kron_g500-logn17,4
1454,4,0.0,0.01,TWOWAY,1024,double,False,kron_g500-logn17,4
1455,0,0.0,0.69,TWOWAY,1024,double,True,kron_g500-logn17,4
1456,1,0.0,0.7,TWOWAY,1024,double,True,kron_g500-logn17,4
1457,2,0.0,0.7,TWOWAY,1024,double,True,kron_g500-logn17,4
1458,3,0.0,0.69,TWOWAY,1024,double,True,kron_g500-logn17,4
1459,4,0.0,0.7,TWOWAY,1024,double,True,kron_g500-logn17,4
1460,0,0.0,0.01,TWOWAY,32768,double,False,kron_g500-logn17,4
1461,1,0.0,0.01,TWOWAY,32768,double,False,kron_g500-logn17,4
1462,2,0.0,0.01,TWOWAY,32768,double,False,kron_g500-logn17,4
1463,3,0.0,0.0,TWOWAY,32768,double,False,kron_g500-logn17,4
1464,4,0.0,0.01,TWOWAY,32768,double,False,kron_g500-logn17,4
1465,0,0.0,0.61,TWOWAY,32768,double,True,kron_g500-logn17,4
1466,1,0.0,0.61,TWOWAY,32768,double,True,kron_g500-logn17,4
1467,2,0.0,0.62,TWOWAY,32768,double,True,kron_g500-logn17,4
1468,3,0.0,0.61,TWOWAY,32768,double,True,kron_g500-logn17,4
1469,4,0.0,0.61,TWOWAY,32768,double,True,kron_g500-logn17,4
1470,0,0.0,0.01,TWOWAY,1048576,double,False,kron_g500-logn17,4
1471,1,0.0,0.01,TWOWAY,1048576,double,False,kron_g500-logn17,4
1472,2,0.0,0.02,TWOWAY,1048576,double,False,kron_g500-logn17,4
1473,3,0.0,0.01,TWOWAY,1048576,double,False,kron_g500-logn17,4
1474,4,0.0,0.01,TWOWAY,1048576,double,False,kron_g500-logn17,4
1475,0,0.0,0.23,TWOWAY,1048576,double,True,kron_g500-logn17,4
1476,1,0.0,0.22,TWOWAY,1048576,double,True,kron_g500-logn17,4
1477,2,0.0,0.22,TWOWAY,1048576,double,True,kron_g500-logn17,4
1478,3,0.0,0.23,TWOWAY,1048576,double,True,kron_g500-logn17,4
1479,4,0.0,0.22,TWOWAY,1048576,double,True,kron_g500-logn17,4
1480,0,0.0,0.01,TWOWAY,0,double,False,kron_g500-logn17,8
1481,1,0.0,0.01,TWOWAY,0,double,False,kron_g500-logn17,8
1482,2,0.0,0.01,TWOWAY,0,double,False,kron_g500-logn17,8
1483,3,0.0,0.01,TWOWAY,0,double,False,kron_g500-logn17,8
1484,4,0.0,0.01,TWOWAY,0,double,False,kron_g500-logn17,8
1485,0,0.0,0.69,TWOWAY,0,double,True,kron_g500-logn17,8
1486,1,0.0,0.68,TWOWAY,0,double,True,kron_g500-logn17,8
1487,2,0.0,0.68,TWOWAY,0,double,True,kron_g500-logn17,8
1488,3,0.0,0.69,TWOWAY,0,double,True,kron_g500-logn17,8
1489,4,0.0,0.68,TWOWAY,0,double,True,kron_g500-logn17,8
1490,0,0.0,0.01,TWOWAY,1024,double,False,kron_g500-logn17,8
1491,1,0.0,0.01,TWOWAY,1024,double,False,kron_g500-logn17,8
1492,2,0.0,0.01,TWOWAY,1024,double,False,kron_g500-logn17,8
1493,3,0.0,0.01,TWOWAY,1024,double,False,kron_g500-logn17,8
1494,4,0.0,0.01,TWOWAY,1024,double,False,kron_g500-logn17,8
1495,0,0.0,0.69,TWOWAY,1024,double,True,kron_g500-logn17,8
1496,1,0.0,0.7,TWOWAY,1024,double,True,kron_g500-logn17,8
1497,2,0.0,0.69,TWOWAY,1024,double,True,kron_g500-logn17,8
1498,3,0.0,0.7,TWOWAY,1024,double,True,kron_g500-logn17,8
1499,4,0.0,0.69,TWOWAY,1024,double,True,kron_g500-logn17,8
1500,0,0.0,0.02,TWOWAY,32768,double,False,kron_g500-logn17,8
1501,1,0.0,0.01,TWOWAY,32768,double,False,kron_g500-logn17,8
1502,2,0.0,0.01,TWOWAY,32768,double,False,kron_g500-logn17,8
1503,3,0.0,0.01,TWOWAY,32768,double,False,kron_g500-logn17,8
1504,4,0.0,0.01,TWOWAY,32768,double,False,kron_g500-logn17,8
1505,0,0.0,0.62,TWOWAY,32768,double,True,kron_g500-logn17,8
1506,1,0.0,0.62,TWOWAY,32768,double,True,kron_g500-logn17,8
1507,2,0.0,0.63,TWOWAY,32768,double,True,kron_g500-logn17,8
1508,3,0.0,0.64,TWOWAY,32768,double,True,kron_g500-logn17,8
1509,4,0.0,0.61,TWOWAY,32768,double,True,kron_g500-logn17,8
1510,0,0.0,0.01,TWOWAY,1048576,double,False,kron_g500-logn17,8
1511,1,0.0,0.01,TWOWAY,1048576,double,False,kron_g500-logn17,8
1512,2,0.0,0.01,TWOWAY,1048576,double,False,kron_g500-logn17,8
1513,3,0.0,0.01,TWOWAY,1048576,double,False,kron_g500-logn17,8
1514,4,0.0,0.01,TWOWAY,1048576,double,False,kron_g500-logn17,8
1515,0,0.0,0.24,TWOWAY,1048576,double,True,kron_g500-logn17,8
1516,1,0.0,0.23,TWOWAY,1048576,double,True,kron_g500-logn17,8
1517,2,0.0,0.23,TWOWAY,1048576,double,True,kron_g500-logn17,8
1518,3,0.0,0.22,TWOWAY,1048576,double,True,kron_g500-logn17,8
1519,4,0.0,0.23,TWOWAY,1048576,double,True,kron_g500-logn17,8
1520,0,0.0,0.01,TWOWAY,0,double,False,kron_g500-logn17,16
1521,1,0.0,0.01,TWOWAY,0,double,False,kron_g500-logn17,16
1522,2,0.0,0.01,TWOWAY,0,double,False,kron_g500-logn17,16
1523,3,0.0,0.01,TWOWAY,0,double,False,kron_g500-logn17,16
1524,4,0.0,0.01,TWOWAY,0,double,False,kron_g500-logn17,16
1525,0,0.0,0.68,TWOWAY,0,double,True,kron_g500-logn17,16
1526,1,0.0,0.68,TWOWAY,0,double,True,kron_g500-logn17,16
1527,2,0.0,0.68,TWOWAY,0,double,True,kron_g500-logn17,16
1528,3,0.0,0.68,TWOWAY,0,double,True,kron_g500-logn17,16
1529,4,0.0,0.68,TWOWAY,0,double,True,kron_g500-logn17,16
1530,0,0.0,0.02,TWOWAY,1024,double,False,kron_g500-logn17,16
1531,1,0.0,0.01,TWOWAY,1024,double,False,kron_g500-logn17,16
1532,2,0.0,0.01,TWOWAY,1024,double,False,kron_g500-logn17,16
1533,3,0.0,0.01,TWOWAY,1024,double,False,kron_g500-logn17,16
1534,4,0.0,0.01,TWOWAY,1024,double,False,kron_g500-logn17,16
1535,0,0.0,0.7,TWOWAY,1024,double,True,kron_g500-logn17,16
1536,1,0.0,0.7,TWOWAY,1024,double,True,kron_g500-logn17,16
1537,2,0.0,0.71,TWOWAY,1024,double,True,kron_g500-logn17,16
1538,3,0.0,0.71,TWOWAY,1024,double,True,kron_g500-logn17,16
1539,4,0.0,0.7,TWOWAY,1024,double,True,kron_g500-logn17,16
1540,0,0.0,0.02,TWOWAY,32768,double,False,kron_g500-logn17,16
1541,1,0.0,0.01,TWOWAY,32768,double,False,kron_g500-logn17,16
1542,2,0.0,0.01,TWOWAY,32768,double,False,kron_g500-logn17,16
1543,3,0.0,0.01,TWOWAY,32768,double,False,kron_g500-logn17,16
1544,4,0.0,0.01,TWOWAY,32768,double,False,kron_g500-logn17,16
1545,0,0.0,0.6,TWOWAY,32768,double,True,kron_g500-logn17,16
1546,1,0.0,0.62,TWOWAY,32768,double,True,kron_g500-logn17,16
1547,2,0.0,0.61,TWOWAY,32768,double,True,kron_g500-logn17,16
1548,3,0.0,0.61,TWOWAY,32768,double,True,kron_g500-logn17,16
1549,4,0.0,0.61,TWOWAY,32768,double,True,kron_g500-logn17,16
1550,0,0.0,0.01,TWOWAY,1048576,double,False,kron_g500-logn17,16
1551,1,0.0,0.01,TWOWAY,1048576,double,False,kron_g500-logn17,16
1552,2,0.0,0.01,TWOWAY,1048576,double,False,kron_g500-logn17,16
1553,3,0.0,0.01,TWOWAY,1048576,double,False,kron_g500-logn17,16
1554,4,0.0,0.01,TWOWAY,1048576,double,False,kron_g500-logn17,16
1555,0,0.0,0.24,TWOWAY,1048576,double,True,kron_g500-logn17,16
1556,1,0.0,0.22,TWOWAY,1048576,double,True,kron_g500-logn17,16
1557,2,0.0,0.22,TWOWAY,1048576,double,True,kron_g500-logn17,16
1558,3,0.0,0.23,TWOWAY,1048576,double,True,kron_g500-logn17,16
1559,4,0.0,0.22,TWOWAY,1048576,double,True,kron_g500-logn17,16
1560,0,0.0,0.01,TWOWAY,0,double,False,kron_g500-logn17,32
1561,1,0.0,0.02,TWOWAY,0,double,False,kron_g500-logn17,32
1562,2,0.0,0.01,TWOWAY,0,double,False,kron_g500-logn17,32
1563,3,0.0,0.01,TWOWAY,0,double,False,kron_g500-logn17,32
1564,4,0.0,0.01,TWOWAY,0,double,False,kron_g500-logn17,32
1565,0,0.0,1.22,TWOWAY,0,double,True,kron_g500-logn17,32
1566,1,0.0,1.22,TWOWAY,0,double,True,kron_g500-logn17,32
1567,2,0.0,1.22,TWOWAY,0,double,True,kron_g500-logn17,32
1568,3,0.0,1.23,TWOWAY,0,double,True,kron_g500-logn17,32
1569,4,0.0,1.23,TWOWAY,0,double,True,kron_g500-logn17,32
1570,0,0.0,0.01,TWOWAY,1024,double,False,kron_g500-logn17,32
1571,1,0.0,0.01,TWOWAY,1024,double,False,kron_g500-logn17,32
1572,2,0.0,0.01,TWOWAY,1024,double,False,kron_g500-logn17,32
1573,3,0.0,0.01,TWOWAY,1024,double,False,kron_g500-logn17,32
1574,4,0.0,0.01,TWOWAY,1024,double,False,kron_g500-logn17,32
1575,0,0.0,1.24,TWOWAY,1024,double,True,kron_g500-logn17,32
1576,1,0.0,1.26,TWOWAY,1024,double,True,kron_g500-logn17,32
1577,2,0.0,1.25,TWOWAY,1024,double,True,kron_g500-logn17,32
1578,3,0.0,1.25,TWOWAY,1024,double,True,kron_g500-logn17,32
1579,4,0.0,1.25,TWOWAY,1024,double,True,kron_g500-logn17,32
1580,0,0.0,0.01,TWOWAY,32768,double,False,kron_g500-logn17,32
1581,1,0.0,0.01,TWOWAY,32768,double,False,kron_g500-logn17,32
1582,2,0.0,0.01,TWOWAY,32768,double,False,kron_g500-logn17,32
1583,3,0.0,0.01,TWOWAY,32768,double,False,kron_g500-logn17,32
1584,4,0.0,0.01,TWOWAY,32768,double,False,kron_g500-logn17,32
1585,0,0.0,1.08,TWOWAY,32768,double,True,kron_g500-logn17,32
1586,1,0.0,1.08,TWOWAY,32768,double,True,kron_g500-logn17,32
1587,2,0.0,1.09,TWOWAY,32768,double,True,kron_g500-logn17,32
1588,3,0.0,1.08,TWOWAY,32768,double,True,kron_g500-logn17,32
1589,4,0.0,1.08,TWOWAY,32768,double,True,kron_g500-logn17,32
1590,0,0.0,0.01,TWOWAY,1048576,double,False,kron_g500-logn17,32
1591,1,0.0,0.01,TWOWAY,1048576,double,False,kron_g500-logn17,32
1592,2,0.0,0.01,TWOWAY,1048576,double,False,kron_g500-logn17,32
1593,3,0.0,0.01,TWOWAY,1048576,double,False,kron_g500-logn17,32
1594,4,0.0,0.01,TWOWAY,1048576,double,False,kron_g500-logn17,32
1595,0,0.0,0.36,TWOWAY,1048576,double,True,kron_g500-logn17,32
1596,1,0.0,0.35,TWOWAY,1048576,double,True,kron_g500-logn17,32
1597,2,0.0,0.34,TWOWAY,1048576,double,True,kron_g500-logn17,32
1598,3,0.0,0.34,TWOWAY,1048576,double,True,kron_g500-logn17,32
1599,4,0.0,0.34,TWOWAY,1048576,double,True,kron_g500-logn17,32
